organization,repository,latest_commit_sha,time_of_data_collection
google,google/truth,0a2339ba372a8839c88faa6d7b4e87cac080d29c,10/05/2024 
10:41:46
google,google/namebench,573c0eccd53d5acd8b79c80107b35d43dc007bee,10/05/2024 
10:41:46
google,google/dagger,9a67471586c3ed1bccb5d0e13a86af06e024cd1a,10/05/2024 
10:41:46
google,google/traceur-compiler,caa7b751d5150622e13cdd18865e09681d8c6691,10/05/2024 
10:41:46
google,google/vector_math.dart,43f2a77bb0be812b027a68a11792d563713b42a1,10/05/2024 
10:41:46
google,google/auto,199a72753c786960670a45d069d136e80a71f6b7,10/05/2024 
10:41:46
google,google/go-github,81ff3c9e8b0cfcb14e87142d4b6d6b69078238eb,10/05/2024 
10:41:46
google,google/pinject,93b7e7a0ef1cf61ae7e267b0ff269024352d0f07,10/05/2024 
10:41:46
google,google/paco,6bba92bc20d5b55146b890177108e25059fc52b0,10/05/2024 
10:41:46
google,google/uri.dart,20b4dcd8c7e3add933157e7af2c5c56985b3e53b,10/05/2024 
10:41:46
google,google/protobuf.dart,ccf104dbc36929c0f8708285d5f3a8fae206343e,10/05/2024 
10:41:46
google,google/data-layer-helper,4a65b385db1fac710d33bf5d1345e598e3d117fc,10/05/2024 
10:41:46
google,google/carfac,2fefe749354d7c089b2c23234ba61f88e843bee2,10/05/2024 
10:41:46
google,google/webdriver.dart,f85779edd7c9f66198d4391ed3631db1d97a5b11,10/05/2024 
10:41:46
google,google/quiver-dart,c9284ddc7ccb5f202f6b1e3d852758f71e0ad846,10/05/2024 
10:41:46
google,google/closure-library,7818ff7dc0b53555a7fb3c3427e6761e88bde3a2,10/05/2024 
10:41:46
google,google/compile-testing,d079c30954fbe3e02300ad4a388b3d6b95ee2958,10/05/2024 
10:41:46
google,google/go-querystring,085cc7882e69d266a8d5683a062957aa5046aa2c,10/05/2024 
10:41:46
google,google/grinder.dart,668be0396802d0ec9bc3396ed0296db256f67087,10/05/2024 
10:41:46
google,google/capsicum-test,d1d13e4881e7a9af9d62b7211ded0bcd2d9bb976,10/05/2024 
10:41:46
google,google/jimfs,0449ea6b9b7651ad4b50621f6d93b23531df4fbb,10/05/2024 
10:41:46
google,google/blockly,54eeb85d8947d5dfe487d2b1ce810eb34c2c4a4f,10/05/2024 
10:41:46
google,google/liquidfun,7f20402173fd143a3988c921bc384459c6a858f2,10/05/2024 
10:41:46
google,google/grr,df8af6b32c73f1f19385fe5987507f1d68df3630,10/05/2024 
10:41:46
google,google/vim-maktaba,fe95bb10f6bb250943a44632107f6a3d76ce5f28,10/05/2024 
10:41:46
google,google/vim-glaive,3c5db8d279f86355914200119e8727a085863fcd,10/05/2024 
10:41:46
google,google/benchmark,bc946b919cac6f25a199a526da571638cfde109f,10/05/2024 
10:41:46
github,github/version_sorter,23570f4342e3dfc0800acae9e96e0e8e058a8017,10/05/2024 
10:41:46
github,github/markup,a849a12ac5100d7d7acba30834eab73d0cf61983,10/05/2024 
10:41:46
github,github/dmca,9bc999e25b2bcfffd5429f052c75d37f624df048,10/05/2024 
10:41:46
github,github/email_reply_parser,78dd20d532ed38f2eb8075959365bbab8cb7f07a,10/05/2024 
10:41:46
github,github/maven-plugins,8d6d49393d1453be709ecc4cfe87f41f2081f5c5,10/05/2024 
10:41:46
github,github/gemoji,0eca75db9301421efc8710baf7a7576793ae452a,10/05/2024 
10:41:46
github,github/elastomer-client,791a4730429618b57316b5a95373f801bf499fa5,10/05/2024 
10:41:46
github,github/secure_headers,7a23cb6b350b024a786e163e81c902552b9c484f,10/05/2024 
10:41:46
github,github/platform-samples,2b2a6c75b16575a63bbbb6b6da14d346e5b44ed2,10/05/2024 
10:41:46
github,github/omniauth,3930d46759af676091d22a9c4aa7eff48e97df14,10/05/2024 
10:41:46
github,github/choosealicense.com,aed28f9933c9e8435c0f1d07aa563c0a830859bc,10/05/2024 
10:41:46
github,github/ruby,dcbe0edb836aa3be62b7b64f3c7f27e7ef6885fb,10/05/2024 
10:41:46
github,github/pages-gem,a38857c3926984818df1196b939e1a7919bf87b3,10/05/2024 
10:41:46
github,github/government.github.com,1d5af7e6db60fabfa6432930b281d3d44b762dfe,10/05/2024 
10:41:46
github,github/training-kit,21e634862d1e725e8c906e4f7b4d96bcf1588d57,10/05/2024 
10:41:46
github,github/scientist,a25a0d238b759dd70367c27a4aad683e188a1e5c,10/05/2024 
10:41:46
TheAlgorithms,TheAlgorithms/Python,1868c0b6375188a9034478a2711e40c343d00c2e,10/05/2024 
10:41:46
TheAlgorithms,TheAlgorithms/C,e5dad3fa8def3726ec850ca66a7f51521f8ad393,10/05/2024 
10:41:46
TheAlgorithms,TheAlgorithms/C-Plus-Plus,2dadbf73f41f2ac2e2c4a96f8116638cec17a07f,10/05/2024 
10:41:46
TheAlgorithms,TheAlgorithms/Scala,51b0b3657aa909bb0b83d776eebe0629c541a134,10/05/2024 
10:41:46
TheAlgorithms,TheAlgorithms/Java,52f15b2b082f617c93bf43c6a337ac993d8b18fa,10/05/2024 
10:41:46
TheAlgorithms,TheAlgorithms/Ruby,697e3f2b5bb02521665033f370dd78a086bebabf,10/05/2024 
10:41:46
TheAlgorithms,TheAlgorithms/C-Sharp,7a61d94f23105c8c46a296b0c475772e529398ee,10/05/2024 
10:41:46
TheAlgorithms,TheAlgorithms/Go,235458219d929bdd0b1b4c344ccbb58b445183de,10/05/2024 
10:41:46
TheAlgorithms,TheAlgorithms/JavaScript,6fe21d21e92d4f07b476d56fbcad838633e74550,10/05/2024 
10:41:46
TheAlgorithms,TheAlgorithms/Algorithms-Explanation,bbfce50b37c6be54d3c8b6b940e962fa6d864740,10/05/2024 
10:41:46
TheAlgorithms,TheAlgorithms/MATLAB-Octave,e150b77ad256de46c1ce3815c3d7945ac4fc28dc,10/05/2024 
10:41:46
TheAlgorithms,TheAlgorithms/Rust,1020ea2a7e2dd7c0e04aa7a5a2571343766f60ba,10/05/2024 
10:41:46
TheAlgorithms,TheAlgorithms/R,a1aeafc84a375243befd6839621fa6a392e33ec1,10/05/2024 
10:41:46
TheAlgorithms,TheAlgorithms/Kotlin,e57a8888dec4454d39414082bbe6a672a9d27ad1,10/05/2024 
10:41:46
TheAlgorithms,TheAlgorithms/Dart,4998823d79b7e66f22685222e2683ba7bbd1acd1,10/05/2024 
10:41:46
TheAlgorithms,TheAlgorithms/Elm,5018c290604f1d3688483a5dcab7a11334c08bc9,10/05/2024 
10:41:46
TheAlgorithms,TheAlgorithms/Jupyter,ebf48b9d0373ae4caccd1d2fad54ad173dbac9e9,10/05/2024 
10:41:46
TheAlgorithms,TheAlgorithms/Haskell,9dcabef99fb8995a760ff25a9e0d659114c0b9d3,10/05/2024 
10:41:46
TheAlgorithms,TheAlgorithms/Swift,00ac7861d0ae06667736b16d95bf0163c86a0520,10/05/2024 
10:41:46
TheAlgorithms,TheAlgorithms/PHP,13972e0072a3eb715be63fa8ca3a8f87dc2c3af3,10/05/2024 
10:41:46
TheAlgorithms,TheAlgorithms/OCaml,e932c9b03857316092f9db897500d0cc23736980,10/05/2024 
10:41:46
TheAlgorithms,TheAlgorithms/F-Sharp,0ec07ce52915088b9d2b7eb5e1ad9e2d6cc2a528,10/05/2024 
10:41:46
TheAlgorithms,TheAlgorithms/algorithms-keeper,6316b29f3654326fdc836b67631d0f0826329d55,10/05/2024 
10:41:46
TheAlgorithms,TheAlgorithms/website,9f05fb253afd3716ce1895b7fedce86646bf3907,10/05/2024 
10:41:46
TheAlgorithms,TheAlgorithms/AArch64_Assembly,e440c077d5e7886983356e96480de92afb3f1a06,10/05/2024 
10:41:46
TheAlgorithms,TheAlgorithms/Clojure,a9c5bec14928cb22fd4d69e951edf5bd15e16a18,10/05/2024 
10:41:46
TheAlgorithms,TheAlgorithms/scripts,1e1584a3fb13cad11d062d4d1f35acc8c50a4118,10/05/2024 
10:41:46
TheAlgorithms,TheAlgorithms/Julia,384424b762bbb40d43f31001beeca0c6ffda2f1f,10/05/2024 
10:41:46
TheAlgorithms,TheAlgorithms/Lua,fd8b29b24bda649428a45127dd9853e89107b342,10/05/2024 
10:41:46
TheAlgorithms,TheAlgorithms/Solidity,08cba51fb38e276062b0c9791d7e0ee494ffa903,10/05/2024 
10:41:46
TheAlgorithms,TheAlgorithms/TypeScript,59984eef0047e9a888ef0be2d2a751fce32d58d5,10/05/2024 
10:41:46
TheAlgorithms,TheAlgorithms/Zig,6f772c76fa824798ffdba10fd76f3300b43a6bd3,10/05/2024 
10:41:46
TheAlgorithms,TheAlgorithms/Nim,40ca6ee56e33f309f333681f7111348b9d5c5300,10/05/2024 
10:41:46
TheAlgorithms,TheAlgorithms/Jule,720f832e6bc9f78d9192918056dd16c89111ab91,10/05/2024 
10:41:46
huggingface,huggingface/transformers,2d1602aef7febb476534208fc4c8ed55df71aa8d,10/05/2024 
10:41:46
huggingface,huggingface/pytorch-image-models,f8979d4f50b7920c78511746f7315df8f1857bc5,10/05/2024 
10:41:46
huggingface,huggingface/tokenizers,25aee8b88c8de3c5a52e2f9cb6281d6df00ad516,10/05/2024 
10:41:46
huggingface,huggingface/blog,b166d6411d003f139572c6b24e7db137f5c06654,10/05/2024 
10:41:46
huggingface,huggingface/datasets,871eabc7b23c27d677bc06ae2cc1ec3a2a04b10f,10/05/2024 
10:41:46
huggingface,huggingface/trl,b8b89783ca1ab081d25651a9a13e9358cc8e1869,10/05/2024 
10:41:46
huggingface,huggingface/widgets-server,7aa6faf26f28e4af25d3f7369a47931a5d58c8c1,10/05/2024 
10:41:46
huggingface,huggingface/spm_precompiled,81b911a362adef3ad3cc6d5835d2980690dbb871,10/05/2024 
10:41:46
huggingface,huggingface/accelerate,47bb2dd53e9da17c1aa25e2d9b463a28c0deb273,10/05/2024 
10:41:46
huggingface,huggingface/autotrain-advanced,ed2ea72473f137be3841def50a58047a29fccbb6,10/05/2024 
10:41:46
huggingface,huggingface/huggingface_hub,5ff2d150d121d04799b78bc08f2343c21b8f07a9,10/05/2024 
10:41:46
huggingface,huggingface/api-inference-community,48c0c4b23f4e0a571626145e5a4a6433b7d7d813,10/05/2024 
10:41:46
huggingface,huggingface/collaborative-training-auth,aae4ee030002610949ee72f65345a8d1746fcd30,10/05/2024 
10:41:46
huggingface,huggingface/hf_benchmarks,48044301c356f1118bcd43a8dfca379493ec22ed,10/05/2024 
10:41:46
huggingface,huggingface/optimum,b3ecb6c405b7fd5425d79483fd7dc88c0609be8e,10/05/2024 
10:41:46
huggingface,huggingface/data-measurements-tool,45ccf6f0ed3ba7dcfaad9506c665a6ee41ae3a06,10/05/2024 
10:41:46
huggingface,huggingface/dataset-viewer,54196d5dd3e78872ec7b1d4bd16295240ce4950e,10/05/2024 
10:41:46
huggingface,huggingface/course,e63a663fc2c66deef55961fae6a9705c1943daa6,10/05/2024 
10:41:46
huggingface,huggingface/doc-builder,5dab464779c07d87df206fecd77afc71c7e81113,10/05/2024 
10:41:46
huggingface,huggingface/workshops,ab22955ca3401d9a6866e62c3d198eca291c75ff,10/05/2024 
10:41:46
huggingface,huggingface/optimum-graphcore,d415c9e17808b84afb95fbd078175161c85bcfe0,10/05/2024 
10:41:46
huggingface,huggingface/huggingface_sb3,0f27d4c0117a91828a40b595c9b6de31d3b4ecec,10/05/2024 
10:41:46
huggingface,huggingface/optimum-habana,574702cd6b4e755cb3673806671352c0e6d3957b,10/05/2024 
10:41:46
huggingface,huggingface/hub-docs,91283edc1c0cea52e50060becfc9df29e33539f6,10/05/2024 
10:41:46
huggingface,huggingface/evaluate,a4bdc10c48a450b978d91389a48dbb5297835c7d,10/05/2024 
10:41:46
huggingface,huggingface/model-evaluator,003006a8fd779bf904dce8d7fe97b8b999d7f49e,10/05/2024 
10:41:46
huggingface,huggingface/ml-agents,a543c1d9292335d03f5bf966d5f2a60f5804022e,10/05/2024 
10:41:46
huggingface,huggingface/simulate,1a7832e46bd4702490e223612a528b586fb36eb1,10/05/2024 
10:41:46
huggingface,huggingface/deep-rl-class,fb3cb0cc72f514489480185958274aee2efffef1,10/05/2024 
10:41:46
huggingface,huggingface/optimum-intel,e6fadb1e2a794452f5f7be0fba8a282a99da7724,10/05/2024 
10:41:46
huggingface,huggingface/diffusers,82be58c51272dcc7ebd5cbf8f48d444e3df96a1a,10/05/2024 
10:41:46
huggingface,huggingface/setfit,327a3b64ca38dd688a7f92b67e7bf88f9db66aa9,10/05/2024 
10:41:46
huggingface,huggingface/hffs,ebdd09da437cb1bc7ec09d15bbc593dc79855333,10/05/2024 
10:41:46
huggingface,huggingface/hf-endpoints-documentation,8ae55cfaa00374c09ace6c9143f2805eb1b626df,10/05/2024 
10:41:46
huggingface,huggingface/safetensors,079781fd0dc455ba0fe851e2b4507c33d0c0d407,10/05/2024 
10:41:46
facebook,facebook/hhvm,b2cd2394c4aebb1023249cdb27f6c63f43e65d4a,10/05/2024 
10:41:46
facebook,facebook/facebook-android-sdk,92a1a7c1810f51fcb11f0b3a0ff3c4159ac30ed1,10/05/2024 
10:41:46
facebook,facebook/facebook-ios-sdk,7295c425d8ca789a7861472d841468b24d30de9f,10/05/2024 
10:41:46
facebook,facebook/folly,916a985b5010bd6434d80005659b319ed1efcd22,10/05/2024 
10:41:46
facebook,facebook/watchman,39cc4ea6367533d7ff1517ee1aa3755ca6004ad3,10/05/2024 
10:41:46
facebook,facebook/rocksdb,b92d874c8b5a71ed611c2ca5912ed2b194e28c46,10/05/2024 
10:41:46
facebook,facebook/chef-utils,023a05a56bf42cc1d6a694c73b0ac18977da8c66,10/05/2024 
10:41:46
facebook,facebook/buck,9c7c421e49f4d92d67321f18c6d1cd90974c77c4,10/05/2024 
10:41:46
facebook,facebook/react,9d76c954cfe134d7f541c3e706e344e6845ba235,10/05/2024 
10:41:46
facebook,facebook/fbthrift,8121a07724241816c8df16c1dc59320289ba2d2a,10/05/2024 
10:41:46
facebook,facebook/regenerator,cb755fd82c648cbc5307a5a2d61cdd598e698fc4,10/05/2024 
10:41:46
facebook,facebook/mcrouter,4c2dd97c4d0b264eb5ab7943191a916f58938842,10/05/2024 
10:41:46
facebook,facebook/IT-CPE,db08c666ac7f4dcf32dfe443f23ca5c7d7fa1275,10/05/2024 
10:41:46
facebook,facebook/Haxl,6cd30c084debcde9bb83e0f517bbe98cdd80e945,10/05/2024 
10:41:46
facebook,facebook/yoga,dc23284cf77e96f6a2108b5c9a2f4afaaa07a255,10/05/2024 
10:41:46
facebook,facebook/facebook-php-business-sdk,f3eb099fa895ff6b5ddd98ba993982c2803b22d3,10/05/2024 
10:41:46
facebook,facebook/jsx,d614ce76e6ea996ea6dfa122f2a7be71ed96e6eb,10/05/2024 
10:41:46
facebook,facebook/facebook-python-business-sdk,063d440823be6fcbe9b1e3e6562a477c4baf0eb6,10/05/2024 
10:41:46
facebook,facebook/grocery-delivery,cb7306dd45b42bde3d3a0aec0ae67e56a86592a4,10/05/2024 
10:41:46
facebook,facebook/taste-tester,f89d867a5623bca2db415fe1aabef9ef74118e22,10/05/2024 
10:41:46
facebook,facebook/between-meals,272ee1f6b664312d061f2ce8d95faa41618d384e,10/05/2024 
10:41:46
facebook,facebook/fatal,31d2aa4e8199492308d2e25429abea3c1483ccd7,10/05/2024 
10:41:46
facebook,facebook/proxygen,9f878285f790eb70743cc74bbb660d1b4a942eaf,10/05/2024 
10:41:46
facebook,facebook/flow,c53a93094bda76506f384949b00faa22be4b28eb,10/05/2024 
10:41:46
facebook,facebook/wangle,b414d9b43dd74a08cb9086239a0e14b4e649fa43,10/05/2024 
10:41:46
facebook,facebook/react-native,00b251b8ee8752b82a536faabc424d92f7034ebe,10/05/2024 
10:41:46
facebook,facebook/zstd,97291fc5020a8994019ab76cf0cda83a9824374c,10/05/2024 
10:41:46
facebook,facebook/infer,bcb4b88ac7784e4901d8aa2e93d5a3ef3fb45689,10/05/2024 
10:41:46
facebook,facebook/ThreatExchange,d4d343c435bb048610de91087e608c6ebcb24923,10/05/2024 
10:41:46
facebook,facebook/facebook-ruby-business-sdk,d22bcc9f7377729b8d2e6f48ad410e6ec9b892d1,10/05/2024 
10:41:46
facebook,facebook/fresco,36fb93bdf943eb1724ae26b7d37aea0833be2935,10/05/2024 
10:41:46
facebook,facebook/jscodeshift,4851fc8a01036868efb4cf9676f3e97836097376,10/05/2024 
10:41:46
facebook,facebook/openbmc,0c921eafb7324360f5bd624ecb6e8d4871f0fa6b,10/05/2024 
10:41:46
facebook,facebook/PathPicker,a949df021292bf91e4429ecaca7c1e7c3a772024,10/05/2024 
10:41:46
facebook,facebook/fbjs,3d094a146b56e09836af1ef00c33810952585ead,10/05/2024 
10:41:46
facebook,facebook/relay,a7d4b48a4d660eaf67c6e8852f72c0c972a4306d,10/05/2024 
10:41:46
facebook,facebook/idb,45666c7476b62f22e1f210e55e1fa31359d8165d,10/05/2024 
10:41:46
facebook,facebook/SoLoader,d0b7b236897e3140f256c11618fde1f93e8bf1c7,10/05/2024 
10:41:46
facebook,facebook/facebook-java-business-sdk,8f5d1f41a9c9f0edc5bb24e599e387f0aa6aa51a,10/05/2024 
10:41:46
facebook,facebook/chef-cookbooks,110297b9df5c4e01f8032ef4510c4d7bba673ccc,10/05/2024 
10:41:46
facebook,facebook/redex,a93afe1463f5e3fb705f2e79fd778e98374608f5,10/05/2024 
10:41:46
facebook,facebook/FBRetainCycleDetector,dc92bb41a972d7cccf4b18661d0f73ae424587a5,10/05/2024 
10:41:46
facebook,facebook/sapling,ffb281cc007ec6844ce725019ec071847acb8f5a,10/05/2024 
10:41:46
facebook,facebook/create-react-app,0a827f69ab0d2ee3871ba9b71350031d8a81b7ae,10/05/2024 
10:41:46
facebook,facebook/TextLayoutBuilder,e8b5e491d56ced3846856bece7d28d9a4590f476,10/05/2024 
10:41:46
facebook,facebook/prophet,c00f6a2d72229faa6acee8292bc01e14f16f599c,10/05/2024 
10:41:46
facebook,facebook/metro,1d59ec16148ed6c03a7c91e9a22e17d20301d254,10/05/2024 
10:41:46
facebook,facebook/litho,953043fc05e2d1e1d282650e60857ab56b1a2435,10/05/2024 
10:41:46
facebook,facebook/duckling,7520daaeba28691cda8e1b5c3d946028a28fb64b,10/05/2024 
10:41:46
facebook,facebook/prop-types,1c9c6311c1fb8778bffc7a1ca70c273ee8a8654d,10/05/2024 
10:41:46
facebook,facebook/docusaurus,02e38d8ccf7811af27a9c15ddbadf4d26cfc0eab,10/05/2024 
10:41:46
facebook,facebook/facebook-nodejs-business-sdk,9ada43b6433ec7dea4b89217930a5c65c81de4c9,10/05/2024 
10:41:46
facebook,facebook/openr,430834562a52157e06db3fe45c1136b589ea6887,10/05/2024 
10:41:46
facebook,facebook/react-native-website,18b7e786f1c53dd67db03f2a9eeae5c9a31c2e0e,10/05/2024 
10:41:46
facebook,facebook/pyre-check,03d7d3a8b6d50f5dbfb9d467c401f06af407d1bc,10/05/2024 
10:41:46
facebook,facebook/mvfst,8bfd2d1d66892386cc76da5b6a3e333e1e8575f9,10/05/2024 
10:41:46
facebook,facebook/flipper,6061dbae40790e0f136391bc596761231395f2ca,10/05/2024 
10:41:46
facebook,facebook/SPARTA,05d5c131e5648a2e56f1fb97f54d3cc02d7d0480,10/05/2024 
10:41:46
facebook,facebook/fbt,0a038357052138860e430cccab17a31f762d1c8d,10/05/2024 
10:41:46
facebook,facebook/TestSlide,108c506ac9c57124d0713eb85829b71648046331,10/05/2024 
10:41:46
facebook,facebook/hermes,ccaafede69fc6f4a66d27550eeaacf7f844424c6,10/05/2024 
10:41:46
facebook,facebook/Rapid,4bca4b62659580819130dbe5b601be31fbc7ee28,10/05/2024 
10:41:46
facebook,facebook/Ax,66767206bcb9653e14538e494d273c0db2c82424,10/05/2024 
10:41:46
facebook,facebook/ktfmt,f3a2e54fc98ca78603f6cdd1e9c78ea0b66f4a4b,10/05/2024 
10:41:46
facebook,facebook/ristretto255-js,9680894b408f71b0f5cf183f457db444930ff3da,10/05/2024 
10:41:46
facebook,facebook/CacheLib,2635e4432a7757486ef6be3370017523f284aea5,10/05/2024 
10:41:46
facebook,facebook/usort,333d87258e3d8b329e0eb5211f72264b035316ad,10/05/2024 
10:41:46
facebook,facebook/time,fa89cc57589115d1d77ec2c62fb32b7e273b4c54,10/05/2024 
10:41:46
facebook,facebook/opaque-ke,7eb363f5715b005347be138e52c60076efea0649,10/05/2024 
10:41:46
facebook,facebook/mariana-trench,0abbf82bfa3525dcc09a8a43733d5ae0c6aa1d31,10/05/2024 
10:41:46
facebook,facebook/lexical,b5fa87d0c6e92fb38f9cb484a7340ab41eff1186,10/05/2024 
10:41:46
facebook,facebook/sapp,dc58713957f755711148c954996ea76f82bf21d2,10/05/2024 
10:41:46
facebook,facebook/starlark-rust,471d4a4fb852a355691f0df5a89323064db1b5bb,10/05/2024 
10:41:46
facebook,facebook/OpenBIC,ffad78ad5ece490314304070e086d96ca12d735d,10/05/2024 
10:41:46
facebook,facebook/winterfell,0caa34b8b1751e13fc6a78506917be7d478bf6c1,10/05/2024 
10:41:46
python,python/pythondotorg,2894ad3a486f43c93a80b6e44d9647dd21061248,10/05/2024 
10:41:46
python,python/mypy,fb31409b392c5533b25173705d62ed385ee39cfb,10/05/2024 
10:41:46
python,python/peps,df80a63221ad25a2296c25c684160f7c3a369e69,10/05/2024 
10:41:46
python,python/psf-salt,5508043455c7164153e6d0b56bffbbaaa83e456e,10/05/2024 
10:41:46
python,python/typing,d8c80ac3760bf40f8b04732f1ad10a8d5f5531bc,10/05/2024 
10:41:46
python,python/typeshed,a10e4135fed525f3678b68379e7e66ee4311bc54,10/05/2024 
10:41:46
python,python/typed_ast,567af09d8fc0c3607b90f96fce25b0cfdf25c8ff,10/05/2024 
10:41:46
python,python/the-knights-who-say-ni,6d2e39cd2edbea204720e8a0643f2829ef020e35,10/05/2024 
10:41:46
python,python/devguide,f7dd3b08ab766fe71a69003f917f7110b56698cb,10/05/2024 
10:41:46
python,python/pyperformance,f451bb0721d535b180ac1dc2ffe5cf02e0806120,10/05/2024 
10:41:46
python,python/release-tools,bbc3094f8b57e0cbfdc4b6397837919b8c6eee70,10/05/2024 
10:41:46
python,python/core-workflow,752322256a6d2bf26119205804a3fd056d8d04f8,10/05/2024 
10:41:46
python,python/buildmaster-config,8c2b6eecd094370e5c2b7db36c06eaac7d85dfc1,10/05/2024 
10:41:46
python,python/cpython,c444362c6e0b6c01f49c3bee864100f52bd3b640,10/05/2024 
10:41:46
python,python/bedevere,2c2df16f8d3c75fe6dd0486786b619a5c4c12cbe,10/05/2024 
10:41:46
python,python/cpython-source-deps,36d5ce5189af783bbf634994c39cfaa5bff4f057,10/05/2024 
10:41:46
python,python/cpython-bin-deps,30662c14c0f8464f31496e4e0022824384654da0,10/05/2024 
10:41:46
python,python/python-docs-fr,8184830f9d8072803f53cda39008e334a9ad56d1,10/05/2024 
10:41:46
python,python/python-docs-theme,97952b50a010a453a0220c2d760cf1825afff4a7,10/05/2024 
10:41:46
python,python/python-docs-ja,951d3fae011116ae05ea6861a8c8056143bd6a33,10/05/2024 
10:41:46
python,python/python-docs-pt-br,019b73f8ce33acf81a02525ae3dae08531a2ab28,10/05/2024 
10:41:46
python,python/miss-islington,46d5fe0ef7e86067b7eef6b0e2822950b73d0c74,10/05/2024 
10:41:46
python,python/python-docs-zh-tw,2501ea7d9fdfdee73141f8646e0de242cdb87ed9,10/05/2024 
10:41:46
python,python/blurb_it,abce74efa05a4596a3e627ceb3c8c52c5b3b73ba,10/05/2024 
10:41:46
python,python/python-docs-zh-cn,2507666cf0a92e240ee936aca44182c06269ef95,10/05/2024 
10:41:46
python,python/mypy_extensions,9dd6d98da338a3924b0ed7440b843988cd5805df,10/05/2024 
10:41:46
python,python/steering-council,bd1518869211bc3847c1cf3a350243a46e1d26b1,10/05/2024 
10:41:46
python,python/codespeed,263860bc298fd970c8466b3161de386582e4f801,10/05/2024 
10:41:46
python,python/python-docs-es,dcc5fd45a755419b28568ffccdbc6e1567fae098,10/05/2024 
10:41:46
python,python/cherry-picker,b31e3bd34f12400a5997d31467b8435b092b4256,10/05/2024 
10:41:46
python,python/python-docs-pl,95f81a6b4e80711d9ef4a4373ef75c269cc74837,10/05/2024 
10:41:46
python,python/tzdata,7e71c6bf79c2a68dbaab908e51aa4f5985a65d08,10/05/2024 
10:41:46
python,python/pythoncapi-compat,2353a3d7fd0695c2ebe5fa56edec8b874156a6a2,10/05/2024 
10:41:46
python,python/importlib_resources,2c30c8ae0147866bf57c9aca9d5e790b0e598f3d,10/05/2024 
10:41:46
python,python/importlib_metadata,e8f686979b716520e39d422f85bb84b6d66225ca,10/05/2024 
10:41:46
python,python/docs-community,3d51545f5a9c4f6bedf2e786768806ac4c6bc729,10/05/2024 
10:41:46
python,python/python-docs-tr,d60de275b35e5f3b008b49c15761dbf79a3380f9,10/05/2024 
10:41:46
python,python/typing_extensions,348f5441aa588052f0ef0579b02aa65902763743,10/05/2024 
10:41:46
python,python/python-docs-uk,fb0551bbd905a216ede92994d68e7f7b881f2f46,10/05/2024 
10:41:46
python,python/blurb,68193f0c2a931e0f5fdc68776ad9f3e39b332162,10/05/2024 
10:41:46
ReVanced,ReVanced/revanced-integrations,4e64b690abb787e40f1b93106476d44129e94987,10/05/2024 
10:41:46
ReVanced,ReVanced/revanced-patcher,f57e571a147d33eed189b533eee3aa62388fb354,10/05/2024 
10:41:46
ReVanced,ReVanced/revanced-manager,a23f032fd24017286391a94dfa924e7256ff506c,10/05/2024 
10:41:46
ReVanced,ReVanced/revanced-patches-template,9b0e35ee213eb310ad23969aa0e8ad67950f14ed,10/05/2024 
10:41:46
ReVanced,ReVanced/revanced-cli,1496e824d696c2d4d8d63efbf3f3e8ed2ae5ae5d,10/05/2024 
10:41:46
ReVanced,ReVanced/aapt2,fa1b651994ba3fd3bfed29eedaf61f8008702bd2,10/05/2024 
10:41:46
ReVanced,ReVanced/revanced-discord-bot,6bd4890cad10dce3c61583e3de006dec4a0de589,10/05/2024 
10:41:46
ReVanced,ReVanced/revanced-website,57d2915df2e5988faf8321f0b662bca18dc8096b,10/05/2024 
10:41:46
ReVanced,ReVanced/revanced-manager-compose-old,73e61a7055f0d6309bb191161d0efefda6046869,10/05/2024 
10:41:46
ReVanced,ReVanced/revanced-releases-api,1a17827152e90b3523857cc33af34aa51a9e3371,10/05/2024 
10:41:46
ReVanced,ReVanced/revanced-cdn-action,a52b7e61e060ac0ac9cab1b68c9d129a06736bc9,10/05/2024 
10:41:46
ReVanced,ReVanced/revanced-documentation,8e1615ff6ab481f469faf8238fe2d854a3857151,10/05/2024 
10:41:46
ReVanced,ReVanced/revanced-helper,fbf0dee0a85117386a63e3154f81b64b2b06c124,10/05/2024 
10:41:46
ReVanced,ReVanced/smali,a3836654dca496ae7d7a2c5d777e505bb8dcf0c9,10/05/2024 
10:41:46
ReVanced,ReVanced/Apktool,b0f39573201c9af8de84cecfa4dc089d165eee0f,10/05/2024 
10:41:46
ReVanced,ReVanced/revanced-manager-compose,56ac6a7f93a22d9f17f88bd9eaf1b7b954587e86,10/05/2024 
10:41:46
ReVanced,ReVanced/revanced-polling-api,39a64c3ff81342436eac7a9249ef7ebbd10ef0c4,10/05/2024 
10:41:46
ReVanced,ReVanced/revanced-static-api,64bc4d95ef7207d48a42056dc18f37c89ac794ac,10/05/2024 
10:41:46
ReVanced,ReVanced/revanced-api,b2c2fa7136f6305703ba11d0bd5a87c0d563eaf3,10/05/2024 
10:41:46
ReVanced,ReVanced/GmsCore,9d3ef3f11f30223a2e09e2f5800c61aad05b7222,10/05/2024 
10:41:46
ReVanced,ReVanced/revanced-library,8d0e4b247047a10c82d922a19307a7a47b65ad7b,10/05/2024 
10:41:46
ReVanced,ReVanced/revanced-patches,3a229763d02ffa40a367c9337e2a373d2d7cda3e,10/05/2024 
10:41:46
ReVanced,ReVanced/revanced-app-metadata-api,1713fa5b9dc1e6c9c668ca75d1e7c21167488f0f,10/05/2024 
10:41:46
flutter,flutter/flutter,4734d80f226e67bfcb48601c16af1ed89e6a6fd4,10/05/2024 
10:41:46
flutter,flutter/engine,033a1d2ed223e8b5a94774a42c849a4e61fbc4e6,10/05/2024 
10:41:46
flutter,flutter/website,07257aef7b1106aeed50531ad605f4967a6e1f08,10/05/2024 
10:41:46
flutter,flutter/cocoon,3467e1ea599543411747e0a937759c41e62a91cf,10/05/2024 
10:41:46
flutter,flutter/flutter-intellij,1366adf1bb87ce22d973d44bff6f9077c1527d2a,10/05/2024 
10:41:46
flutter,flutter/buildroot,70a42312a688890eb1435a8c2760f6cbde324531,10/05/2024 
10:41:46
flutter,flutter/assets-for-api-docs,29b50b6de05e7dd39bdc66a4c7703d6ab4de6635,10/05/2024 
10:41:46
flutter,flutter/plugins,557d3284ac9dda32a1106bb75be8a23bdccd2f96,10/05/2024 
10:41:46
flutter,flutter/packages,3fb302d0f31c2877cc48ce6c95126ccf0c48824f,10/05/2024 
10:41:46
flutter,flutter/goldens,64d0f6051b9b7b9933d3d16194170a38f544634a,10/05/2024 
10:41:46
flutter,flutter/samples,25fe637790b5f0abd10178d636dbe92c27ee6121,10/05/2024 
10:41:46
flutter,flutter/codelabs,155bcda24cb0c6c9e37340bca780feb503890bbb,10/05/2024 
10:41:46
flutter,flutter/devtools,a855c4ea9b63054c1f4ccacbfefe1568d01c2d35,10/05/2024 
10:41:46
flutter,flutter/platform_tests,007d329e8fd47321efcba9c4dd0240d35d5bf134,10/05/2024 
10:41:46
flutter,flutter/tests,edc7307540971bb73a32615c2222d1a38e232ed8,10/05/2024 
10:41:46
flutter,flutter/gallery,cfcb9dbda56697fe8bafe4b64c1a9261dde908ae,10/05/2024 
10:41:46
flutter,flutter/flutter-github-scripts.dart,aefc159f656829d0e0f46d55c038e34ce42fe4c4,10/05/2024 
10:41:46
flutter,flutter/tools_metadata,431504d5cf1518b123c38cc68c4d6ec206dab426,10/05/2024 
10:41:46
flutter,flutter/uxr,5447b893a33c0d2305d0d599e78d734eda04f658,10/05/2024 
10:41:46
flutter,flutter/photobooth,dba9e669a6744191a19f408a64a93a28bc7dc92c,10/05/2024 
10:41:46
flutter,flutter/put-flutter-to-work,724ffc6db1f2e892a50ea423f4378f3a17bc5a7b,10/05/2024 
10:41:46
flutter,flutter/pinball,0c21af0e2dc45a634303879b28c07e48a7d08289,10/05/2024 
10:41:46
flutter,flutter/news_toolkit,5b21f0dfc96e47f49b6c2b962b20b0926c141bd6,10/05/2024 
10:41:46
flutter,flutter/holobooth,cb6741cc8e578f5fcbd9d3d8afd69f897a957c39,10/05/2024 
10:41:46
flutter,flutter/io_flip,a128c2ed1afcfbbd79edf2dfc21682bcc0dc3067,10/05/2024 
10:41:46
flutter,flutter/super_dash,38b7a9a819d69fe8d59d4a0cea744d6ca353616f,10/05/2024 
10:41:46
flutter,flutter/games,d4fdca0e40b4f49f091ee63837c0a5b3643ba110,10/05/2024 
10:41:46
vuejs,vuejs/vue,bed04a77e575d6c4c1d903f60087dca874f7213e,10/05/2024 
10:41:46
vuejs,vuejs/vue-router,3f346d09ced494ae2a23f77fa60b5eeacf5f8e0a,10/05/2024 
10:41:46
vuejs,vuejs/devtools,2aae942844bb9905e895288d72cb26b21f687d97,10/05/2024 
10:41:46
vuejs,vuejs/vue-loader,698636508e08f5379a57eaf086b5ff533af8e051,10/05/2024 
10:41:46
vuejs,vuejs/vuex,7b024d8bc7ed8e273b8bd853b1e23ec78ab1b045,10/05/2024 
10:41:46
vuejs,vuejs/awesome-vue,7b4105a8ba4032b44773f46e276d4ea0ef1cf5ac,10/05/2024 
10:41:46
vuejs,vuejs/vuefire,93982b7bb87e64b0a39ea57e213374b1c3817e61,10/05/2024 
10:41:46
vuejs,vuejs/rollup-plugin-vue,6587474830756384b76f48cdecb611107bcb3e19,10/05/2024 
10:41:46
vuejs,vuejs/eslint-plugin-vue,516253d9f80c5690e2d64513f6e9490977f6b4d1,10/05/2024 
10:41:46
vuejs,vuejs/apollo,6fa46ab12271134dbe74c57586caf00e66619a90,10/05/2024 
10:41:46
vuejs,vuejs/vetur,96aaa707f8ca629f0883c57a47adb0e58995936d,10/05/2024 
10:41:46
vuejs,vuejs/vue-eslint-parser,ae61e8d4ec3f63d848fb8689572f8c3c9118a624,10/05/2024 
10:41:46
vuejs,vuejs/vue-jest,de5af783559cda0bb770f484f80c4d9b32cfe300,10/05/2024 
10:41:46
vuejs,vuejs/vuepress,087f8a199de4436366aba8f8bf44571117612e53,10/05/2024 
10:41:46
vuejs,vuejs/core,b2b5f57c2c945edd0eebc1b545ec1b7568e51484,10/05/2024 
10:41:46
vuejs,vuejs/router,3ab1e5eb37cf5612fc8a887d2427caffeba3d605,10/05/2024 
10:41:46
vuejs,vuejs/composition-api,2436ba2ca0ae804a3932924407f54e675073ea5c,10/05/2024 
10:41:46
vuejs,vuejs/eslint-config-typescript,e0bf9da6f8a7980f33b6ee4558cc0199fe9eae2c,10/05/2024 
10:41:46
vuejs,vuejs/pinia,bc4d82e25905e35b8bca5478e8131789a58f66e9,10/05/2024 
10:41:46
vuejs,vuejs/docs,35e8da8b3811615e3a46770cf4466186ac9ff400,10/05/2024 
10:41:46
vercel,vercel/ms,fe5338229cfdac6822891dcb9c24660b4d2e612b,10/05/2024 
10:41:46
vercel,vercel/micro,73dd4752e612954a629fae45e3572331b90f5192,10/05/2024 
10:41:46
vercel,vercel/test-listen,ab75d0f0103702e76a1a89f4678289bc81e30413,10/05/2024 
10:41:46
vercel,vercel/async-retry,9505be1f829ea297e7aff6c731ca3d5bd7052ed7,10/05/2024 
10:41:46
vercel,vercel/uid-promise,473d286506c80f27b5c9d1f4d242119b4f3401da,10/05/2024 
10:41:46
vercel,vercel/react-keyframes,7bd885ea39c3a044f88310cd86f446dc1a45521e,10/05/2024 
10:41:46
vercel,vercel/serve,c8b7436b8b6e8db5279357638a6556ea7a562a6c,10/05/2024 
10:41:46
vercel,vercel/hyper,2a7bb18259d975f27b30b502af1be7576f6f5656,10/05/2024 
10:41:46
vercel,vercel/pkg,9066ceeb391d9c7ba6aba650109c2fa3f8e088eb,10/05/2024 
10:41:46
vercel,vercel/pkg-fetch,a76c887ff5138214c87fac9533a1698ad37f895e,10/05/2024 
10:41:46
vercel,vercel/vercel,809740b385c4b9f43871350f19973807d612fc2b,10/05/2024 
10:41:46
vercel,vercel/next.js,26ad61a9e0b0296aa4a8713890d471786d4aaa55,10/05/2024 
10:41:46
vercel,vercel/styled-jsx,18ddefdf73b5df49e9dc5bbbe4d8bef6821f29e0,10/05/2024 
10:41:46
vercel,vercel/micro-dev,ed3914d7e23144e0e518d5f362fe328f697cd0e1,10/05/2024 
10:41:46
vercel,vercel/arg,07b9cadc447bfeddbe9a6b252ee1e6671833ba23,10/05/2024 
10:41:46
vercel,vercel/fetch-retry,5027e9184df1294d690d24b98535621719679ead,10/05/2024 
10:41:46
vercel,vercel/fetch-cached-dns,354bee0c39cee52f4a510cdc02a8bc48ab041618,10/05/2024 
10:41:46
vercel,vercel/fetch,d858e2ca1bea5968d28178401ed030f8581f7ad8,10/05/2024 
10:41:46
vercel,vercel/title,97ad8a5877df4e940c9ef677bde33f040609cfe0,10/05/2024 
10:41:46
vercel,vercel/serve-handler,da5078919dfbcabd93bb512d7c69a47bf197ebb7,10/05/2024 
10:41:46
vercel,vercel/schemas,c505b67a23a5b5b739209ffeeba1d9c44bd72b67,10/05/2024 
10:41:46
vercel,vercel/cosmosdb-server,27215f46e2c05fd0b89a7a0cdaad361d8e98b008,10/05/2024 
10:41:46
vercel,vercel/cosmosdb-query,515088aa8e1714ac1c4ad4f741bd98423cb4bf6f,10/05/2024 
10:41:46
vercel,vercel/ncc,b2a325dec1dc54f2168f838dee0b9e48ee701d18,10/05/2024 
10:41:46
vercel,vercel/webpack-asset-relocator-loader,bda4108a3aeb672fe42da85650349ded73fba6e1,10/05/2024 
10:41:46
vercel,vercel/fun,6f59a70294cb0fefb55eb4855c5bcac225462751,10/05/2024 
10:41:46
vercel,vercel/async-listen,9678050bc734ed49355680cc047d468df147c2b7,10/05/2024 
10:41:46
vercel,vercel/tracing-js,52b556feaa9975c70b1021c2c5084674f96d8341,10/05/2024 
10:41:46
vercel,vercel/actions,7bcfa6db7d8a8b0b8404e26f794ba43da1358723,10/05/2024 
10:41:46
vercel,vercel/nft,e001d0586804b696849c125dbeefe76ef5a71434,10/05/2024 
10:41:46
vercel,vercel/swr,2a5000ed29aa12d000c6f1dc017672dac3044f60,10/05/2024 
10:41:46
vercel,vercel/next-learn,b7a4366f682163a6643416c9cdf2d9c43d0fc542,10/05/2024 
10:41:46
vercel,vercel/commerce,42d5d8efcf7597432428f92178c567a269454824,10/05/2024 
10:41:46
vercel,vercel/gatsby-plugin-vercel,c0aedb9bfcfea0c3386a78aee9c1d74de04b4f7b,10/05/2024 
10:41:46
vercel,vercel/turbo,cc565e86be3506bc80592813a192217a8cc5b0c1,10/05/2024 
10:41:46
vercel,vercel/examples,62c700ead921bd1e7f1a40d7bb438575a0a1b3ef,10/05/2024 
10:41:46
tensorflow,tensorflow/tensorflow,33923ee77dfeab4dc9bb742d567b4d8470c123ab,10/05/2024 
10:41:46
tensorflow,tensorflow/serving,8be856f836cff5c24b337a0a47cdf97723a9f614,10/05/2024 
10:41:46
tensorflow,tensorflow/rust,454da033e4eb5ac3fff96c7bed9734c49d7e3bd3,10/05/2024 
10:41:46
tensorflow,tensorflow/models,5445446014c80f23841afddbadf551d8c2adc200,10/05/2024 
10:41:46
tensorflow,tensorflow/playground,02469bd3751764b20486015d4202b792af5362a6,10/05/2024 
10:41:46
tensorflow,tensorflow/benchmarks,8fb79079265933ad39bea628b777af662f5bf15d,10/05/2024 
10:41:46
tensorflow,tensorflow/ecosystem,c39378894bf080843a86edacd0176c53f70d939f,10/05/2024 
10:41:46
tensorflow,tensorflow/haskell,925c2e95151c0ea1592c26b51a5d98e4ca4a2fe7,10/05/2024 
10:41:46
tensorflow,tensorflow/fold,0e7ca14832a14a5f2009d4e0424783a80e7d7a2c,10/05/2024 
10:41:46
tensorflow,tensorflow/transform,126081204f6095ea9ebbffd470b5ed961bf79b29,10/05/2024 
10:41:46
tensorflow,tensorflow/tensorboard,aa5427294c99d95b6e0bdf47fd79e4aa23db79bc,10/05/2024 
10:41:46
tensorflow,tensorflow/tensor2tensor,bafdc1b67730430d38d6ab802cbd51f9d053ba2e,10/05/2024 
10:41:46
tensorflow,tensorflow/nmt,0be864257a76c151eef20ea689755f08bc1faf4e,10/05/2024 
10:41:46
tensorflow,tensorflow/metadata,ec9005b19b835c0d00821fd9cebdd4180ae3b29e,10/05/2024 
10:41:46
tensorflow,tensorflow/tpu,c3186a4386eb090f8f13bb07cd4bae0b149b4e01,10/05/2024 
10:41:46
tensorflow,tensorflow/lattice,32061571f4743c88daa14f2ec47063dc3b8037d7,10/05/2024 
10:41:46
tensorflow,tensorflow/probability,3e652805bc2b57189c18df0228e3749f528fe21a,10/05/2024 
10:41:46
tensorflow,tensorflow/lucid,6dcc927e4ff4e7ef4d9c54d27b0352849dadd1bb,10/05/2024 
10:41:46
tensorflow,tensorflow/kfac,ddad6375bbdebfae809bccfd3a5c3db073128764,10/05/2024 
10:41:46
tensorflow,tensorflow/profiler-ui,25448324e3f5778fb0d754a91de843bb9495ac7b,10/05/2024 
10:41:46
tensorflow,tensorflow/tfjs,68c4de61d530ace87bb0318a4a4b3ca1888dadec,10/05/2024 
10:41:46
tensorflow,tensorflow/tfjs-website,d8e3ce013c78d50d2178786da651507f089d258b,10/05/2024 
10:41:46
tensorflow,tensorflow/tfjs-examples,84bdc4b168364d54e2c195deaef415a70fb4b390,10/05/2024 
10:41:46
tensorflow,tensorflow/hub,7494bff4911f50d29b52a6d4836cd18d022ab526,10/05/2024 
10:41:46
tensorflow,tensorflow/model-analysis,abec4cda6b8defe5f0ef509dbebf01b1b52d6402,10/05/2024 
10:41:46
tensorflow,tensorflow/tfjs-models,f89b38318e856f56c104f40da5db6fee705836ad,10/05/2024 
10:41:46
tensorflow,tensorflow/docs,eea8c521822d188d136083d9af4c58e9c381b756,10/05/2024 
10:41:46
tensorflow,tensorflow/swift-models,2fb0b92e1291b730fd1a5cd8a3b107c8e75c7d7a,10/05/2024 
10:41:46
tensorflow,tensorflow/swift-bindings,6ea11222b7b7e7e63d3a33a518988c7d614d418f,10/05/2024 
10:41:46
tensorflow,tensorflow/community,185530183d8f3734795beb520d02b8265c230a12,10/05/2024 
10:41:46
tensorflow,tensorflow/adanet,0364cc46810ff3831b3e4a37125de862a28da9bd,10/05/2024 
10:41:46
tensorflow,tensorflow/data-validation,d235b2b3db48039e65c82a109a592a1d7d8dbccc,10/05/2024 
10:41:46
tensorflow,tensorflow/tcav,b922c44bcc64c6bdddb8f661d732fa2145c99d95,10/05/2024 
10:41:46
tensorflow,tensorflow/examples,fff4bcda7201645a1efaea4534403daf5fc03d42,10/05/2024 
10:41:46
tensorflow,tensorflow/lingvo,05a076b0783a8bbf4a770095966c472bb37bbf65,10/05/2024 
10:41:46
tensorflow,tensorflow/estimator,26a7dc2ef7d348be1745b21f952c311c38f68209,10/05/2024 
10:41:46
tensorflow,tensorflow/datasets,7b66e9ba558f339be2ae25bdd61795ee0203ba69,10/05/2024 
10:41:46
tensorflow,tensorflow/mesh,e6798a2610a2c2f4c4cd236d8214422cb1ecc00a,10/05/2024 
10:41:46
tensorflow,tensorflow/custom-op,e0e681164dc58580987971464c252529252b89e6,10/05/2024 
10:41:46
tensorflow,tensorflow/model-optimization,909a2a4d24a79f8730451e0fe1b539778adbd0be,10/05/2024 
10:41:46
tensorflow,tensorflow/networking,671e2548b602f93a6c6502432b8bc131b5cc4914,10/05/2024 
10:41:46
tensorflow,tensorflow/io,9b82afb442d69f9bd14b079be109082967afaf09,10/05/2024 
10:41:46
tensorflow,tensorflow/tensorrt,13b14ef7384f1eb497ba4787b55e27597507a329,10/05/2024 
10:41:46
tensorflow,tensorflow/agents,c8460133b18bd72afd4e806afe3aa7b7b1fdca83,10/05/2024 
10:41:46
tensorflow,tensorflow/addons,d208d752e98c310280938efa939117bf635a60a8,10/05/2024 
10:41:46
tensorflow,tensorflow/ranking,5b1d1338c1cb76507466d062e2d48bae57b17ac4,10/05/2024 
10:41:46
tensorflow,tensorflow/federated,4a41b790c3c9b9a3a1eef4fdc5d46d5283627eca,10/05/2024 
10:41:46
tensorflow,tensorflow/privacy,8b3d8e132f6734fa405538efcba5fd81151227ec,10/05/2024 
10:41:46
tensorflow,tensorflow/graphics,77773cb50eb499cc6b0fbc2d9de7cafb4794b67d,10/05/2024 
10:41:46
tensorflow,tensorflow/tfx,122d4daf1eb9c205378f9df0369d61e1f3c80059,10/05/2024 
10:41:46
tensorflow,tensorflow/swift-apis,f51ee4618d652a2419e998bf9418ad80bda67454,10/05/2024 
10:41:46
tensorflow,tensorflow/ngraph-bridge,ea6422491ec75504e78a63db029e7f74ec3479a5,10/05/2024 
10:41:46
tensorflow,tensorflow/autograph,305337a7d692495cbdd00c67fa9515fe3994523a,10/05/2024 
10:41:46
tensorflow,tensorflow/gan,d385f4c3ad4043621834be4f2ca70ecb1a6f6f3f,10/05/2024 
10:41:46
tensorflow,tensorflow/tfjs-wechat,61902723d83697eb56e99744bbedb54a6aabe59c,10/05/2024 
10:41:46
tensorflow,tensorflow/text,f0f675cb1e24cfd0e42aa95f3136b7aee3c91bc6,10/05/2024 
10:41:46
tensorflow,tensorflow/tfx-bsl,6ab4744485f5dc5be3354b04d3b9b0de0e80e938,10/05/2024 
10:41:46
tensorflow,tensorflow/neural-structured-learning,0fd3ad50e33e0ca5756a093562726f13b623a7f3,10/05/2024 
10:41:46
tensorflow,tensorflow/java,723bdcdc67bf97d63e16fc4d1d88ed726817f485,10/05/2024 
10:41:46
tensorflow,tensorflow/java-models,ed75c1c1681c7f1e8b225c4d46d29741829e9929,10/05/2024 
10:41:46
tensorflow,tensorflow/fairness-indicators,1545d4650dfc2ed686da3b7f9d6c143e78861a91,10/05/2024 
10:41:46
tensorflow,tensorflow/build,28cb155a74c7b4e9638326a1f62c52b6881d6d41,10/05/2024 
10:41:46
tensorflow,tensorflow/docs-l10n,e55c3a4ac7ccaf1a5ff42051fd29cb92adfa4697,10/05/2024 
10:41:46
tensorflow,tensorflow/quantum,f56257bceb988b743790e1e480eac76fd036d4ff,10/05/2024 
10:41:46
tensorflow,tensorflow/cloud,03b3f6ad1aefade63166d266cc23ba9cd4ea1793,10/05/2024 
10:41:46
tensorflow,tensorflow/profiler,71bae414d501f570b9ea9a25f7e6e8afa5ed390f,10/05/2024 
10:41:46
tensorflow,tensorflow/runtime,7bdf48f1aac0b48ff85a4e0fb5ff7f98a703f8d6,10/05/2024 
10:41:46
tensorflow,tensorflow/tflite-support,3207b8d995272f916463dc73c611a39bb20f6b97,10/05/2024 
10:41:46
tensorflow,tensorflow/similarity,dc506d63d05d012d3496041c25c1c54981d39565,10/05/2024 
10:41:46
tensorflow,tensorflow/recommenders,3aa525a10f93e5d7f9e0992928ba3236aa2eb99c,10/05/2024 
10:41:46
tensorflow,tensorflow/tfhub.dev,81fdea8ffa53b5acbd66a012d17fb8f9602c714b,10/05/2024 
10:41:46
tensorflow,tensorflow/mlir-hlo,c9a78359aad55dea219300704301f146cff22839,10/05/2024 
10:41:46
tensorflow,tensorflow/model-card-toolkit,74d7e6d8d3163b830711b226491ccd976a2d7018,10/05/2024 
10:41:46
tensorflow,tensorflow/model-remediation,98e1f9b47d6da43391a2fd2efa33e5e30e0231c9,10/05/2024 
10:41:46
tensorflow,tensorflow/recommenders-addons,53b5ac89acddf9e96902e98946e6a8d94589dd02,10/05/2024 
10:41:46
tensorflow,tensorflow/tfx-addons,724a2c095cc9aeb868b45ecf40a9c8832c94caaf,10/05/2024 
10:41:46
tensorflow,tensorflow/java-ndarray,1124b7337d2c079ab77985abcd2d9b620d7c2742,10/05/2024 
10:41:46
tensorflow,tensorflow/tflite-micro,5e4e51bbe3a04ec1314efa9562e7eacc9c054ef5,10/05/2024 
10:41:46
tensorflow,tensorflow/tflite-micro-arduino-examples,7948b85e020470a30a83bf00e10fc43b486bfcba,10/05/2024 
10:41:46
tensorflow,tensorflow/decision-forests,ca91a9a3fa0e8219461c94ac0c5dbfafbe1a8517,10/05/2024 
10:41:46
dotnet,dotnet/cecil,dd89f9a1ee081ce9d03bb3fbff4715186ac197d4,10/05/2024 
10:41:46
dotnet,dotnet/BenchmarkDotNet,205ce61313e7f1b1410d72b20951736b54c70cfd,10/05/2024 
10:41:46
dotnet,dotnet/efcore,f96570aecfc93fe49fbaa5f1f9515b3a3f3c038e,10/05/2024 
10:41:46
dotnet,dotnet/aspnetcore,c2b6fb4c509313d6d1491974f6530ded83916cf1,10/05/2024 
10:41:46
dotnet,dotnet/Open-XML-SDK,b6c366b152940249b4743ebc90a06dd576005f60,10/05/2024 
10:41:46
dotnet,dotnet/Docker.DotNet,aacf3c26131f582ca8acc34084663a4b79e28d38,10/05/2024 
10:41:46
dotnet,dotnet/core,0cd8db09938441796a47eb3fa54308d30f69f8c0,10/05/2024 
10:41:46
dotnet,dotnet/orleans,d54dd3267487cb71ceff75510667610c811f186a,10/05/2024 
10:41:46
dotnet,dotnet/AspNetCore.Docs,a6956d30a215f897fa43c64de9f4103efd2a8e0d,10/05/2024 
10:41:46
dotnet,dotnet/fsharp,fec36c9fe756063c8d21331b338710f3c4a501b8,10/05/2024 
10:41:46
dotnet,dotnet/ClangSharp,e1a4e1365e17781070c07a3c7d097c76df0d9a38,10/05/2024 
10:41:46
dotnet,dotnet/LLVMSharp,ed54b17e0bafba964c8cb9c47bb91d5f09c3c357,10/05/2024 
10:41:46
dotnet,dotnet/extensions,92047db937ac7f5b768e6567a558bbc5cf9ab43f,10/05/2024 
10:41:46
dotnet,dotnet/msbuild,a8e224f80e753c4c52b6cc8a3a62c11780aff6d6,10/05/2024 
10:41:46
dotnet,dotnet/runtime-assets,b1354bde4fb8a70380c75be89eff26e8ccd852c2,10/05/2024 
10:41:46
dotnet,dotnet/docs,04a548119452494d250147e49fae086cf6574a18,10/05/2024 
10:41:46
dotnet,dotnet/EntityFramework.Docs,32b32ea5779fe9839c77bce6c9ef037b12a580e7,10/05/2024 
10:41:46
dotnet,dotnet/roslyn-analyzers,bc8aca08e3d3b12f22ec2fb850d9a13f121ed2b2,10/05/2024 
10:41:46
dotnet,dotnet/docfx,e9736e826a65bea234cdd8793674b53d480e891a,10/05/2024 
10:41:46
dotnet,dotnet/Nerdbank.Streams,c39c920d79b1d89e260976755afdfd9251779424,10/05/2024 
10:41:46
dotnet,dotnet/vscode-csharp,9f6675fd0a4dc7f43a0e00ac4dae9aebf2e4202f,10/05/2024 
10:41:46
dotnet,dotnet/project-system,038c895bcd4dc5876d18203528d4eca9e41a99f2,10/05/2024 
10:41:46
dotnet,dotnet/roslynator,9f123b6010511756da0cffb958197daa513e135a,10/05/2024 
10:41:46
dotnet,dotnet/DataGridExtensions,a8b0e4aee70bbedcd1831b5b28eee3abd9a7ae83,10/05/2024 
10:41:46
dotnet,dotnet/templating,09db4123744c58de1fe72c45954525acd4bca5c6,10/05/2024 
10:41:46
dotnet,dotnet/sdk,476d6093f9f2f3f1e16babc387576babaf33df87,10/05/2024 
10:41:46
dotnet,dotnet/aspnet-api-versioning,3fc071913dcded23eeb5ebe55bca44f3828488bf,10/05/2024 
10:41:46
dotnet,dotnet/WatsonWebserver,980f6a601b377d2ea788b68471aaf856d01fca72,10/05/2024 
10:41:46
dotnet,dotnet/csharp-tmLanguage,7a7482ffc72a6677a87eb1ed76005593a4f7f131,10/05/2024 
10:41:46
dotnet,dotnet/MQTTnet,f4b2a106167c67d70f555f4cac704c9767daa4e1,10/05/2024 
10:41:46
apache,apache/apr,bdf1cf9911f84babd9b66a59d76b50b611fbda55,10/05/2024 
10:41:46
apache,apache/zookeeper,9b81d1012c283635f97c705e1bdce40b098313e5,10/05/2024 
10:41:46
apache,apache/lucenenet,9b74275a73009d20c4958bed8eff0241f0a1604e,10/05/2024 
10:41:46
apache,apache/spamassassin,bd24f61f33745c6ae4148fc1e973a81d61e6adba,10/05/2024 
10:41:46
apache,apache/directory-studio,c04e4d601524af2fba0d0f7c8718c39d04bfc2ba,10/05/2024 
10:41:46
apache,apache/maven-wagon,428fb39ae5d4b2f250cd9792f27074180b0f97c1,10/05/2024 
10:41:46
apache,apache/httpd,794a1f0d8cbecbd3941f1b6a5aee8c0ae4590319,10/05/2024 
10:41:46
apache,apache/camel,5085cfe45fa37573222b2842932d5742300d4c0b,10/05/2024 
10:41:46
apache,apache/xmlgraphics-fop,ac126625d639ed6b60932f559c56fe3a9790d289,10/05/2024 
10:41:46
apache,apache/maven-scm,db9c7f5af8ecf7e23ab7efefebe332681549d6aa,10/05/2024 
10:41:46
apache,apache/maven-release,074fc8f9c65a24e39a05a456e1e1e356586c1514,10/05/2024 
10:41:46
apache,apache/maven-enforcer,80ee78e5f7473dafc8ca8e68d8f2af7895290303,10/05/2024 
10:41:46
apache,apache/synapse,20112290f1583bb91514ea7a2c4eaa8b14aeaec7,10/05/2024 
10:41:46
apache,apache/cayenne,54840ca026e23281013e585cc14884e71cf2456b,10/05/2024 
10:41:46
apache,apache/commons-collections,bd8e9506b3b85bd9263da88e45b6ad05d022e9fa,10/05/2024 
10:41:46
apache,apache/openjpa,96005fcd25d5906e3d8c549cf8cb715998f47c13,10/05/2024 
10:41:46
apache,apache/mina,cd62e266374ef7a040de7a39c711c87a00cd498c,10/05/2024 
10:41:46
apache,apache/poi,b91827e029a8b6fadf4f81bf84d082b2ecb314e5,10/05/2024 
10:41:46
apache,apache/nutch,7ac3ce28e065fb5160f96ce7bce1ec840f87d0dc,10/05/2024 
10:41:46
apache,apache/commons-codec,f9e369459193e3acdb00b9e986e99b9d9abae549,10/05/2024 
10:41:46
apache,apache/commons-lang,bdd308b5c8054ddf81168331b8f099622a43af4e,10/05/2024 
10:41:46
apache,apache/xmlgraphics-commons,565adaf0e91760feebdae19d0a8b70085ce4e5bd,10/05/2024 
10:41:46
apache,apache/commons-io,28c12f260c6c40ce63ee77e14d34559da53158ea,10/05/2024 
10:41:46
apache,apache/httpcomponents-core,6d568cc19dfbe3664a3d2a59347d8c88b40864fb,10/05/2024 
10:41:46
apache,apache/maven-doxia-sitetools,6f232441482c220e8d31c05a50161ca55c45f30d,10/05/2024 
10:41:46
apache,apache/httpcomponents-client,32e7f6cce0b2dd319f35b0baf2af1a3337e51100,10/05/2024 
10:41:46
apache,apache/wicket,41efc27c061a60526d41ca78dd21c089664c6284,10/05/2024 
10:41:46
apache,apache/couchdb,022ffd15f0fbb29aaa8c2b97e9eda0695a6d3759,10/05/2024 
10:41:46
apache,apache/maven-plugin-testing,47fde3394e54e7d256de06dff839a4b1e045ae54,10/05/2024 
10:41:46
apache,apache/tika,b068e4290ad311b1e5f1ddaa6afa40be9e7bd797,10/05/2024 
10:41:46
apache,apache/directory-server,c347daec5cc1b14d98de01395c8be892b3db0c04,10/05/2024 
10:41:46
apache,apache/maven-jxr,bbab7472bbbb8b4e0c5bd3a9b515a6cafb8e9bca,10/05/2024 
10:41:46
apache,apache/hive,7950967eae9640fcc0aa22f4b6c7906b34281eac,10/05/2024 
10:41:46
apache,apache/xmlgraphics-batik,7e516d714fbd152c58ee5704bd384b6ba8c35c24,10/05/2024 
10:41:46
apache,apache/roller,f6b3aa448d7703430e11b761b703b69020ea38a7,10/05/2024 
10:41:46
apache,apache/avro,33668bfdf87bab87082ebad355758719ef2739ff,10/05/2024 
10:41:46
apache,apache/maven-doxia,c6ba1180173be1f14c154067caa9bd373c6afbda,10/05/2024 
10:41:46
apache,apache/maven,ba52bfe600408f50966bb1765b9627aa622c0114,10/05/2024 
10:41:46
apache,apache/maven-archetype,484b6ab946f0d7ce557a3df28615d8c51e500054,10/05/2024 
10:41:46
apache,apache/maven-plugin-tools,993425ca11db649872cee31474f889a77ef35bea,10/05/2024 
10:41:46
apache,apache/commons-logging,541b25f3650636d334b34ce51d912843157b315a,10/05/2024 
10:41:46
apache,apache/commons-cli,c04de2255409bb58970ecc7a0fcb8a4b2c9bd93e,10/05/2024 
10:41:46
apache,apache/servicemix-maven-plugins,7c6b64b05b10f9f1f07bf58acbf110a873289fec,10/05/2024 
10:41:46
cs50,cs50/libcs50,31232a0c7bf98520fda7722f1bf286cf3dd0c0be,10/05/2024 
10:41:46
cs50,cs50/php-cs50,55d763b6a5c25c1b68b786c1934881806bdfa17c,10/05/2024 
10:41:46
cs50,cs50/render50,357b9e5656a98368d1896fb1efe514240b07e098,10/05/2024 
10:41:46
cs50,cs50/server,7c1288ed6473d74f9e7b16d2ac9c3516f7731df5,10/05/2024 
10:41:46
cs50,cs50/libcs50-java,3ca253943e35914a4fe63a239d3babf54fcf3d9b,10/05/2024 
10:41:46
cs50,cs50/cli,fe134545288daa58ce2d9d49fd1fc4cbd6189125,10/05/2024 10:41:46
cs50,cs50/submit50,146cebcb9e28cebaca8a9ade5b085fb77090e685,10/05/2024 
10:41:46
cs50,cs50/python-cs50,d67a26b3891a8d093aaa3a53e0f9a7bfeb0a599e,10/05/2024 
10:41:46
cs50,cs50/cli50,14d34faf258b70a749cfce343e7d1cf34d0cc70b,10/05/2024 
10:41:46
cs50,cs50/check50,f6aa5de4164fd427a46aa28f7754a84b8be9a609,10/05/2024 
10:41:46
cs50,cs50/help.cs50.net,5a902d86055ed93e37da83ab6aae5b38848b9cbf,10/05/2024 
10:41:46
cs50,cs50/compare50,fa94330b929f1ba686764e7530811d3ec0893096,10/05/2024 
10:41:46
cs50,cs50/style50,8e4e191ba0935eec0c9a37d0b89e437ea78aeaff,10/05/2024 
10:41:46
cs50,cs50/check,592aa9703c030cf583ff2a893d2205cd8ce58494,10/05/2024 
10:41:46
cs50,cs50/sandbox,4ebf122565e365925660584ae3e5d0056c9e63f4,10/05/2024 
10:41:46
cs50,cs50/ide,27ca771e651d2abd43dcab747b2e03dea07c4b64,10/05/2024 10:41:46
cs50,cs50/mysql,4457d98a82a3a6a252cd7fd0488213ad3926b440,10/05/2024 
10:41:46
cs50,cs50/lib50,b74f16add0cd3aea322232d9edade44e02ccd129,10/05/2024 
10:41:46
cs50,cs50/draw.cs50.io,580a7673e683a10d8ebf6deb6bcf3729773d70f5,10/05/2024 
10:41:46
cs50,cs50/jekyll-theme-cs50,d63775be650ac9ae8763a1476c20c450759b7b8b,10/05/2024 
10:41:46
cs50,cs50/publish50-electron,06417e750a7eea9b47e400d10902d6d738ffe087,10/05/2024 
10:41:46
twitter,twitter/twurl,c256756dc89e8507cd77495d3ff9e0b6e49ae339,10/05/2024 
10:41:46
twitter,twitter/finagle,7111467b155b75591726c704a388623187580204,10/05/2024 
10:41:46
twitter,twitter/opensource-website,981994c55e73d0287dbe1eac2e8dcad69e3f32b0,10/05/2024 
10:41:46
twitter,twitter/util,dfc1c17761945ffcc66f37a35d3bd4c557ee4b47,10/05/2024 
10:41:46
twitter,twitter/scrooge,11afc132125c125fa6037c4b1168f0a43f485331,10/05/2024 
10:41:46
twitter,twitter/hogan.js,c91c0234e0f7418d27d5ccb4698e54360f15809b,10/05/2024 
10:41:46
twitter,twitter/scalding,6d4cfd0e2753d4f8a88c4671d7a1a0796a24a91e,10/05/2024 
10:41:46
twitter,twitter/finatra,5ca6c0c19d1770f20b30447ebf488b7194226bf6,10/05/2024 
10:41:46
twitter,twitter/twemproxy,60aaf855ba2e15e20d0efbe440c8ff071b719580,10/05/2024 
10:41:46
twitter,twitter/twitter-cldr-rb,29758ac8ae284cd98becee90dd698bf1fa0e252f,10/05/2024 
10:41:46
twitter,twitter/twitter-cldr-js,1edecbcc645fb93f76150e489d1a02e0adf99071,10/05/2024 
10:41:46
twitter,twitter/algebird,464917d6a3f2b1c9f2048e3dd38df5dd97edc965,10/05/2024 
10:41:46
twitter,twitter/twitter-cldr-npm,27de9d6df02a3fe61d738bc89c0dc792d8c8b3e4,10/05/2024 
10:41:46
twitter,twitter/chill,f69dfa0edce9442a1f5c0413d8b797957b8b27d7,10/05/2024 
10:41:46
twitter,twitter/bijection,9181ae6d49ca14dcca12c02d91a2314c1463b44f,10/05/2024 
10:41:46
twitter,twitter/typeahead.js,588440f66559714280628a4f9799f0c4eb880a4a,10/05/2024 
10:41:46
twitter,twitter/twitter-server,e958a8c517287cd1490316336b7b6e49d729d6f0,10/05/2024 
10:41:46
twitter,twitter/scala_school2,dcaa1e5515af1faed5c6f6632589632dec7af004,10/05/2024 
10:41:46
twitter,twitter/zktraffic,82db04d9aafa13f694d4f5c7265069db42c0307c,10/05/2024 
10:41:46
twitter,twitter/SentenTree,1383ead893c8e94d575de8bb674d34af0329a198,10/05/2024 
10:41:46
twitter,twitter/twemoji,d94f4cf793e6d5ca592aa00f58a88f6a4229ad43,10/05/2024 
10:41:46
twitter,twitter/labella.js,77fe6ae0e3359e4f19d5060c85634f084add5657,10/05/2024 
10:41:46
twitter,twitter/pelikan,e7a76c92d8a6b401475ce53d3cefe964f1e7fbb6,10/05/2024 
10:41:46
twitter,twitter/ccommon,f0f44568f22cde41794ba218cad592a424696af9,10/05/2024 
10:41:46
twitter,twitter/rpc-perf,7a5a01bebe7dc22ee130424b3c94f74af47e6cd4,10/05/2024 
10:41:46
twitter,twitter/scoot,27c35ba569531198ef2cf09317e993836a22d90a,10/05/2024 
10:41:46
twitter,twitter/dodo,6a5a3a06b531ae439ba3b92ce83652d16a92e330,10/05/2024 
10:41:46
twitter,twitter/metrics,c99ef6e0ef2ac62d25ed2c6c88b179917c05efee,10/05/2024 
10:41:46
twitter,twitter/gatekeeper-service,253b5a0b143a504f5a6338b9b34bc9d526cf7525,10/05/2024 
10:41:46
twitter,twitter/caladrius,00bfd4326c6c62803aa9562118abd33a24be2b16,10/05/2024 
10:41:46
twitter,twitter/twemoji-parser,f8312f35fdee0e79874bb50213c4544c14fa759b,10/05/2024 
10:41:46
twitter,twitter/sqrl,c5344dd006ccda82a1ae408d05172269feacd0d2,10/05/2024 
10:41:46
twitter,twitter/rezolus,c0f0ceeeca5fa0980cacd1bdb9938263bca79084,10/05/2024 
10:41:46
twitter,twitter/rustcommon,d550e01d3aeb7b334ed44e87652706acb5b3aea8,10/05/2024 
10:41:46
twitter,twitter/dict_minimize,a3c022c8bb2153fffb715fe274a852acf9e846a0,10/05/2024 
10:41:46
twitter,twitter/bazel-multiversion,447c7056b525b77c0f72e44c0d3bab63f68fe659,10/05/2024 
10:41:46
twitter,twitter/TwitterTextEditor,39256a958ade4a682e43f21f22140a5b3bbe280a,10/05/2024 
10:41:46
twitter,twitter/ios-twitter-apache-thrift,9446faa2f1eb0232fdae11771563322b4d868364,10/05/2024 
10:41:46
twitter,twitter/check-my-repo,a1d15edd68e0869ee7231a993a0d1906f9274cc3,10/05/2024 
10:41:46
twitter,twitter/communitynotes,acc5540394a7476604f3b734bd0c2ccdf1db6c46,10/05/2024 
10:41:46
twitter,twitter/dodo-build,d522795aeaccb0697f80f2ad6cdbdd1f7f25ba18,10/05/2024 
10:41:46
twitter,twitter/compose-rules,0f4311634a169c3da2c740ba7bcc71d383815fbf,10/05/2024 
10:41:46
twitter,twitter/diffusion-rl,38135ef87d6d2eebf80759dd9b08102ceddc9b21,10/05/2024 
10:41:46
twitter,twitter/focus,ffc9aa1870174553cbc27e0e87d6f4c7d6925fb4,10/05/2024 
10:41:46
twitter,twitter/the-algorithm-ml,b85210863f7a94efded0ef5c5ccf4ff42767876c,10/05/2024 
10:41:46
android,android/android.github.io,e6f43fbe6c548418679eb0fea070c40b96978949,10/05/2024 
10:41:46
android,android/testing-samples,a59d128380902d2da3d75def5b65bb171995d96e,10/05/2024 
10:41:46
android,android/location-samples,8110fbc1234e502bbd63ac6b46443743ae248466,10/05/2024 
10:41:46
android,android/performance-samples,570221d3f49d49e45af7970c04c1fe3a72d6df33,10/05/2024 
10:41:46
android,android/uamp,2136c37bcef54da1ee350fd642fc61a744e86654,10/05/2024 
10:41:46
android,android/ndk-samples,2afdced1976a990cba3f00ef634aca9156529b5b,10/05/2024 
10:41:46
android,android/android-test,3dbc74d00780f9a412bc9f9d762d1c358d1a091a,10/05/2024 
10:41:46
android,android/play-billing-samples,047d2eb8eef8fe32ec07a115580faea8eb865e43,10/05/2024 
10:41:46
android,android/architecture-samples,130f5dbebd0c7b5ba195cc08f25802ed9f0237e5,10/05/2024 
10:41:46
android,android/codelab-constraint-layout,255a96768474ca4177ba98a40338d989b19682b2,10/05/2024 
10:41:46
android,android/architecture-components-samples,e849ce3004ccd1132a121cf513bbcb7996d95c30,10/05/2024 
10:41:46
android,android/codelab-android-lifecycles,3c118e7eae2e64d1a06713441244c1f757708496,10/05/2024 
10:41:46
android,android/android-studio-poet,f820e9cc0e5d7db4de9a7e31b818277143546f73,10/05/2024 
10:41:46
android,android/codelab-android-room-with-a-view,0cc7d6848008ffcda941f8b67a5741b0814a653d,10/05/2024 
10:41:46
android,android/databinding-samples,b6ef92fb6099b6320a8be7b6047000f53610c3a1,10/05/2024 
10:41:46
android,android/sunflower,15898e5e5c2212cb7d174e6d182f92baee2d6cae,10/05/2024 
10:41:46
android,android/snippets,7dca9cfe9f4ebc7f1f972ec89c076ab99cb26941,10/05/2024 
10:41:46
android,android/codelab-kotlin-coroutines,72e3f6d22a3cb579a6b5c2e43cc4e25a6647ab95,10/05/2024 
10:41:46
android,android/storage-samples,ac77592230656540e6e782d44ae8fe71cb97b41b,10/05/2024 
10:41:46
android,android/codelab-android-direct-share,97c2845f8980df942314270f9c4f2e536bd749bb,10/05/2024 
10:41:46
android,android/camera-samples,96cbc7d8014d72470c4b70ca76adfdc332d60123,10/05/2024 
10:41:46
android,android/codelab-fido2,9a9dec7d46124f3251921d8200205afad15aab09,10/05/2024 
10:41:46
android,android/wear-os-samples,318f183ac3ebc8719f492225aba0c8ade1913eba,10/05/2024 
10:41:46
android,android/tv-samples,3abac4f4d55b04cb0c78b30d7426d0e2faa64dcf,10/05/2024 
10:41:46
android,android/security-samples,9f05f55843308c54e543a72ef10e74e263bab698,10/05/2024 
10:41:46
android,android/renderscript-samples,c1de268e2d4064e7febf67983155aa11e623a72d,10/05/2024 
10:41:46
android,android/animation-samples,b9ab54ca88d3730da9ab05d571bfdd0c80dcbcb7,10/05/2024 
10:41:46
android,android/graphics-samples,b1093ce3ceb16140e34fb9d2fcdb8b77ef2415df,10/05/2024 
10:41:46
android,android/enterprise-samples,b861a1e050ea95d743f6f3a3cc0a70cf38b23293,10/05/2024 
10:41:46
android,android/fit-samples,9906b14d6056413745a3dbc0868fa39a7376b0ed,10/05/2024 
10:41:46
android,android/identity-samples,5c663308d832a26a14ed601fc57c601488ecb065,10/05/2024 
10:41:46
android,android/user-interface-samples,a14e6487283142e6340d7b979883a245b036e0f8,10/05/2024 
10:41:46
android,android/input-samples,dc5292851b6806c221f04fcd635360e1016f2885,10/05/2024 
10:41:46
android,android/connectivity-samples,777517eb2898cd48e139446246808a2106d343cc,10/05/2024 
10:41:46
android,android/views-widgets-samples,64bd334762dbe479aae285cadb0d8b2d976381a8,10/05/2024 
10:41:46
android,android/app-bundle-samples,631b533c0a18f7dd1efef5cefaa8f7aa7c594656,10/05/2024 
10:41:46
android,android/media-samples,27569a3f7edce6796db0c8020edd985ea520cd41,10/05/2024 
10:41:46
android,android/permissions-samples,eb80f0faff479a34b5ee1ed1d246c1c94e3d0b01,10/05/2024 
10:41:46
android,android/compose-samples,17e91ef758b64bdc01c943f35156ee4f28f95511,10/05/2024 
10:41:46
android,android/gradle-recipes,e56eb1640af0bbaaa58deae66371da4a3a8c6f22,10/05/2024 
10:41:46
android,android/security-certification-resources,550ac7be4fc771f286c9d0ae754335b6ab4213ad,10/05/2024 
10:41:46
android,android/project-replicator,dcdbd2d77b0a3e511c5da0ef960668bfec9f25a3,10/05/2024 
10:41:46
android,android/codelab-android-datastore,387043a665d401ee6a95b843e67b102de0dd2242,10/05/2024 
10:41:46
android,android/car-samples,03440d5e974a060d0216b5e02a7fe3c46b7b9469,10/05/2024 
10:41:46
android,android/codelab-android-compose,0cb58eb623ec5bf11901313cd75d30a92c1d6c91,10/05/2024 
10:41:46
android,android/android-dev-challenge-compose,64328e8cdaa085db5de9699b3ff645aea79f1829,10/05/2024 
10:41:46
android,android/trackr,9b7c22d6e7b2782959389ed115730efcfcddc790,10/05/2024 
10:41:46
android,android/health-samples,45ca97e3770847ef379b8ff081365187d5160407,10/05/2024 
10:41:46
android,android/cose-lib,4e80182acea1a2548d82b61928537963dbdbb6a8,10/05/2024 
10:41:46
android,android/codelab-handling-back-navigation,abba78a025ac75e3f1ba768d1f737e569750cf96,10/05/2024 
10:41:46
nodejs,nodejs/node-gyp,323957b74e9586fb3fbfb2acad5040379c778de6,10/05/2024 
10:41:46
nodejs,nodejs/readable-stream,a2e9aedf4aeee4a5e4d8efcb175edb67e2817eaa,10/05/2024 
10:41:46
nodejs,nodejs/node-addon-examples,ed36ba2d8512d73c7171b9537c96a63bc34e9831,10/05/2024 
10:41:46
nodejs,nodejs/build,102f630f31a33cf9762e98bfd10da416d472010c,10/05/2024 
10:41:46
nodejs,nodejs/node,fd1e66f6cb9e15548f147f58a5f9a6ed7d4ba8a9,10/05/2024 
10:41:46
nodejs,nodejs/docker-node,98be82138188ea759b174da9199453c13669c516,10/05/2024 
10:41:46
nodejs,nodejs/diagnostics,2ae43600f243c9a1e99e9914443bb026562f985b,10/05/2024 
10:41:46
nodejs,nodejs/nodejs-ko,ab14802dc2e7288bdc4353a24176dce2f4ba9dff,10/05/2024 
10:41:46
nodejs,nodejs/changelog-maker,35b762c78ae5beb7dbe0cacca41717ddb29a3484,10/05/2024 
10:41:46
nodejs,nodejs/nodejs.org,b4f21dae42d08509882e122986a23b8f2e6e80ff,10/05/2024 
10:41:46
nodejs,nodejs/commit-stream,b671aa85c19b1b40a0733a0278742e1e10bcbe7e,10/05/2024 
10:41:46
nodejs,nodejs/citgm,66069f3f680d669872787467dffa37a96cf4793e,10/05/2024 
10:41:46
nodejs,nodejs/TSC,84190819c14fae780c50edb349c7cbf552d3adea,10/05/2024 
10:41:46
nodejs,nodejs/branch-diff,70062d421f14f30c1fc0829e1aa4c6cdb3aac838,10/05/2024 
10:41:46
nodejs,nodejs/help,7670995b7a02c45a3ccdfaab24e269cd8470bd81,10/05/2024 
10:41:46
nodejs,nodejs/full-icu-npm,37c484885c93edd74dafb4daa47882402850887a,10/05/2024 
10:41:46
nodejs,nodejs/llnode,de1f01d70a5c58111dd873d340f898023e4e8fe6,10/05/2024 
10:41:46
nodejs,nodejs/github-bot,5c701002dbdc480f3b6571f93e499d938d297bd5,10/05/2024 
10:41:46
nodejs,nodejs/core-validate-commit,006aedd1c889ebfacdf2c346efd6e6a572cbc5e0,10/05/2024 
10:41:46
Stability-AI,Stability-AI/gpt-neox,11ded5a28d061c7b7b4f1374aa9cca20c1dd7254,10/05/2024 
10:41:46
Stability-AI,Stability-AI/api-interfaces,33560cc3182027a3e156d578902e17b52218429e,10/05/2024 
10:41:46
Stability-AI,Stability-AI/diffusers,2e3541d7f40b421761067329ff77ff78ce885aa0,10/05/2024 
10:41:46
Stability-AI,Stability-AI/stability-sdk,c91214708f7efacaf5c09b4dc21c2fcac116d5ff,10/05/2024 
10:41:46
Stability-AI,Stability-AI/k-diffusion,5b3af030dd83e0297272d861c19477735d0317ec,10/05/2024 
10:41:46
Stability-AI,Stability-AI/rest-api-support,99d5cfaed49937409eb904149b12ac8ed7a2bd54,10/05/2024 
10:41:46
Stability-AI,Stability-AI/StableStudio,76772d7b9a4e6d87bd87c26665f7ab74cd40f2cd,10/05/2024 
10:41:46
Stability-AI,Stability-AI/lm-evaluation-harness,effdbeaf742e74ea1787871e99272c12146ba346,10/05/2024 
10:41:46
Stability-AI,Stability-AI/truss,f52cd38dfb522d125d34e73c1ce9a7f0924cba1c,10/05/2024 
10:41:46
Stability-AI,Stability-AI/generative-models,fbdc58cab9f4ee2be7a5e1f2e2787ecd9311942f,10/05/2024 
10:41:46
Stability-AI,Stability-AI/devcontainer-features,9a70bd11d3c82ae1b0bec11cc8081a9c23203db0,10/05/2024 
10:41:46
Stability-AI,Stability-AI/DeepSpeed,986b5958e2465b608692ff958472a9a016a3e45a,10/05/2024 
10:41:46
Stability-AI,Stability-AI/stable-3d-gallery,aa60e442c9b7939f8eb0c2d00e6aba8c8d238bd5,10/05/2024 
10:41:46
Stability-AI,Stability-AI/stable-audio-demo,6d70bc5034638dff718def319f0c47673ca12b18,10/05/2024 
10:41:46
Stability-AI,Stability-AI/stable-code-docs,db5a15c91317599c0629047f3e402d452778b719,10/05/2024 
10:41:46
Stability-AI,Stability-AI/stable-audio-2-demo,8cc4b1180670128cb4325fb98f81c397cb96142c,10/05/2024 
10:41:46
termux,termux/termux-packages,9aa59946f79e68d5ce6cbc7046316d58f0806c80,10/05/2024 
10:41:46
termux,termux/termux-api,cff225e41e963267a8e5fdd59a83b5fe224dcb5d,10/05/2024 
10:41:46
termux,termux/termux-app,2f40df91e54662190befe3b981595209944348e8,10/05/2024 
10:41:46
termux,termux/termux.github.io,2ac8eb22318eb36caa9479036060a64361d0f0c1,10/05/2024 
10:41:46
termux,termux/termux-widget,56f3eda7af887778e34d7877045e1680c3e4effe,10/05/2024 
10:41:46
termux,termux/termux-styling,0d5c8cc4f24df950de1a17a07b1ebaf1f3c22a0e,10/05/2024 
10:41:46
termux,termux/termux-create-package,1f2f17c7f6971c938a7c644e5cb46e7913960c8f,10/05/2024 
10:41:46
termux,termux/termux-tasker,6ef79a1b1b1d952e845d744d3e23dec15cf3beaa,10/05/2024 
10:41:46
termux,termux/termux-boot,4d65c57c4ab740ae1c5723abec9e7a47db4b9856,10/05/2024 
10:41:46
termux,termux/termux-elf-cleaner,8449d0f3319a0f40b347b2c9654390def21ea5a5,10/05/2024 
10:41:46
termux,termux/termux-float,ecfea83dc67c0b7d483f8aac6792e540807f0312,10/05/2024 
10:41:46
termux,termux/termux-root-packages,06591fc024101b04095ec4417d51907512b46e3c,10/05/2024 
10:41:46
termux,termux/x11-packages,f8b6282f6a132d3e28715becd3c0ddb990bddd54,10/05/2024 
10:41:46
termux,termux/termux-packaging,881c4c6a644b5a680a38e6454a7acad904b138ec,10/05/2024 
10:41:46
termux,termux/game-packages,17e1509d9960875ccbffa418d7511a5ffe54a896,10/05/2024 
10:41:46
termux,termux/science-packages,488fe3cfd1c00ece1d90ff2ccadcb7ceed14f1bd,10/05/2024 
10:41:46
termux,termux/termux-x11,74b17233e1c58e1a628c8a777bc762070769309c,10/05/2024 
10:41:46
termux,termux/termux-docker,e3c861f5b6cb762d3d99f6d6e6dd78cdffe109b6,10/05/2024 
10:41:46
termux,termux/proot-distro,d3fd73b30a3ce9b799f5d445db866abdfa0748ea,10/05/2024 
10:41:46
termux,termux/repology-metadata,c2a2c6d7eebd4c6712df19c5ca1c3cc840cc5432,10/05/2024 
10:41:46
termux,termux/openjdk-mobile-termux,58a290a32c05355aa4698188b5cbd4113fb8644f,10/05/2024 
10:41:46
termux,termux/termux-gui,57566b6a2789d16cd36508ab84a7a50b58a394ac,10/05/2024 
10:41:46
termux,termux/create-conventional-changelog,b922d09d796150f5da7d3f6445b6c9668b74cf1e,10/05/2024 
10:41:46
termux,termux/termux.com,54101756f3c920f68ed1311158aea50c01daa190,10/05/2024 
10:41:46
termux,termux/termux-tools,7ce7038cd4b9f6b24ec60b8178903e6da3bfbbda,10/05/2024 
10:41:46
termux,termux/glibc-packages,9b5808fb8de8b2439bc5411cac38e697bea99180,10/05/2024 
10:41:46
termux,termux/termux-language-server,19f71611bbc67520e14d23f65692971d20bc45c8,10/05/2024 
10:41:46
twbs,twbs/bootstrap,72d3b6efc4b92e83a4abca6f5bc0cd7e6fd25931,10/05/2024 
10:41:46
twbs,twbs/blog,fbaa9dd81644836e39853fd75eecb015c5ddd136,10/05/2024 
10:41:46
twbs,twbs/bootstrap-expo,fa9fe6f5e89bbe35ac3ef19c10b170747f383eb5,10/05/2024 
10:41:46
twbs,twbs/bootlint,1d710d4a032d2ed322d9b71b465a5a5715fba618,10/05/2024 
10:41:46
twbs,twbs/grunt-bootlint,c103178403836e34c6426c91be872dd5ddf16fcd,10/05/2024 
10:41:46
twbs,twbs/bootstrap-rubygem,f240cae79fb1dcb55abcb4fc9710544134ef8ec2,10/05/2024 
10:41:46
twbs,twbs/rfs,3aec1ae4a106d0bd86508db1edd08651d3df886b,10/05/2024 10:41:46
twbs,twbs/stylelint-config-twbs-bootstrap,4c38ab5764c7a24bdb3877a70cf7d5402a57d23e,10/05/2024 
10:41:46
twbs,twbs/icons,af0b3f82d129a90e8f2b0dcd7f0fef98dfcca18e,10/05/2024 
10:41:46
twbs,twbs/bootlint-server,ed386c501c60e872342e2212528adcef8e56653a,10/05/2024 
10:41:46
twbs,twbs/bootstrap-npm-starter,2258953be2d3bed2edfdee796aa7da9a550b3faf,10/05/2024 
10:41:46
twbs,twbs/examples,0ed57fba25d4b962d5153477bf70bd10c1bd7707,10/05/2024 
10:41:46
twbs,twbs/fantasticon,06fa5bcb0bbf4e721f6feb7534fb296c46bbd316,10/05/2024 
10:41:46
spring-projects,spring-projects/spring-data-commons,2f43bd593e99a813e9197fa1e2902c3318131cde,10/05/2024 
10:41:46
spring-projects,spring-projects/spring-data-jpa,8c1174f6ea4c2106c0689e087898384280d3af96,10/05/2024 
10:41:46
spring-projects,spring-projects/spring-amqp,05f2a1a5e747bc4dad19f4fd9783f274a03ae6c5,10/05/2024 
10:41:46
spring-projects,spring-projects/spring-batch,6bd148cdf8f7468fbcd738d1d4305be1f014b69d,10/05/2024 
10:41:46
spring-projects,spring-projects/spring-framework,b3005fcddea081157e691bf9380cbc9218bbec23,10/05/2024 
10:41:46
spring-projects,spring-projects/spring-retry,94424350e1f04fa7f635d37db77ec73f9755160e,10/05/2024 
10:41:46
spring-projects,spring-projects/spring-data-redis,3ab09fbd57973c9036571c17561ee9a2b2417279,10/05/2024 
10:41:46
spring-projects,spring-projects/spring-integration,503c1f4d8900e72824fab36335561a551306a6b0,10/05/2024 
10:41:46
spring-projects,spring-projects/spring-integration-samples,7dee4333ffa35dd35f9558ab5e39635cb286d496,10/05/2024 
10:41:46
spring-projects,spring-projects/spring-data-cassandra,5923cbebbcc4688372fcf72d6d5464027cc3f0c9,10/05/2024 
10:41:46
spring-projects,spring-projects/spring-net,8663d2d7b9a702b8343223e90713d7b4b2607b41,10/05/2024 
10:41:46
spring-projects,spring-projects/spring-data-mongodb,27c812e09cbfb0680547ffc179a40b99f4d01b3f,10/05/2024 
10:41:46
spring-projects,spring-projects/spring-security,746ee27dffb6dd101d094deb42cd7a3d04f1f0a9,10/05/2024 
10:41:46
spring-projects,spring-projects/spring-security-kerberos,f738044b15382086d5bea30becdeb60014b75555,10/05/2024 
10:41:46
spring-projects,spring-projects/spring-shell,b7422647185e312167d76ba8a4409a80e5d3f978,10/05/2024 
10:41:46
spring-projects,spring-projects/spring-plugin,e39fd453e102e0dabcba483bbb6391e4066e0057,10/05/2024 
10:41:46
spring-projects,spring-projects/spring-data-rest,235611cdcb5f52615a6e8abece48e99e5bee1c3f,10/05/2024 
10:41:46
spring-projects,spring-projects/spring-data-envers,c4530ab000beb473a1b5e3413c2537a7b219161b,10/05/2024 
10:41:46
spring-projects,spring-projects/spring-hateoas,84dacd002d7a37bcfe833bf0189c938b0f72fc58,10/05/2024 
10:41:46
spring-projects,spring-projects/spring-boot,772e4ca78d47f57da54cb0e9fe301d93a8daec8c,10/05/2024 
10:41:46
spring-projects,spring-projects/spring-data-build,5359010196b7df00fff99e5f3b8ec50f6ad94e68,10/05/2024 
10:41:46
spring-projects,spring-projects/spring-petclinic,516722647ae474746a84c197127e323135907d57,10/05/2024 
10:41:46
spring-projects,spring-projects/spring-ws,e938c7cc7ea78f2fa66866b1795638a0848dc895,10/05/2024 
10:41:46
spring-projects,spring-projects/spring-data-couchbase,de2db4b7a2d992720afa82b7d380e6436bcac098,10/05/2024 
10:41:46
spring-projects,spring-projects/spring-ldap,d8ba7f538ecff74043e07066bfec47d96552b668,10/05/2024 
10:41:46
spring-projects,spring-projects/spring-data-examples,4caa29cc7e6b4931d8c807740d7476ef9a90402f,10/05/2024 
10:41:46
spring-projects,spring-projects/spring-batch-extensions,c871dcac075cf7df1c3de7623005e7115f262b8c,10/05/2024 
10:41:46
spring-projects,spring-projects/spring-guice,5dac92281eb4f0846e8c8f7d35417238fa735fdc,10/05/2024 
10:41:46
spring-projects,spring-projects/spring-session,4701220f48e71e2878b150b7931027f1b52c3c95,10/05/2024 
10:41:46
spring-projects,spring-projects/spring-restdocs,b6df3243b8fe9a99e55f18579bd89cdbb7d6ac96,10/05/2024 
10:41:46
spring-projects,spring-projects/spring-integration-aws,6f5b58f2bc96b47db8f7fe444d93561d3d925c3e,10/05/2024 
10:41:46
spring-projects,spring-projects/spring-data-keyvalue,bd816f350fbb0a81d8b532c0304e4e08fdf24bf4,10/05/2024 
10:41:46
spring-projects,spring-projects/spring-statemachine,26ef2bcdc99ad6351bffe6fd70fc46b54dddd5fa,10/05/2024 
10:41:46
spring-projects,spring-projects/spring-data-dev-tools,a69d001a0a144e46f61ed78e13559ac57f874e56,10/05/2024 
10:41:46
spring-projects,spring-projects/spring-kafka,fe94156f9b1656c977925bfca94f7f5c25691062,10/05/2024 
10:41:46
spring-projects,spring-projects/sts4,8f691f357548334d26f8c6dd882e1c3a8d24c9a5,10/05/2024 
10:41:46
spring-projects,spring-projects/spring-vault,74ff3b648dae1f6eedc403b782db003dec575aaf,10/05/2024 
10:41:46
spring-projects,spring-projects/spring-data-ldap,52563cffb48765a1a283752b15faf3fbfe76c31c,10/05/2024 
10:41:46
spring-projects,spring-projects/spring-data-relational,6ae53f557732bb0b1837b0f66587c28febefb8dd,10/05/2024 
10:41:46
spring-projects,spring-projects/spring-data-geode,b9a11e9dda067fe6799367228a025adee5b4ff6e,10/05/2024 
10:41:46
spring-projects,spring-projects/spring-session-bom,d2332aa379a1b6dd8998f227e9f92ee9ec9ec8c2,10/05/2024 
10:41:46
spring-projects,spring-projects/spring-data-r2dbc,8784eb4577ec5c85d2cb0fd18144ca207db001be,10/05/2024 
10:41:46
spring-projects,spring-projects/spring-authorization-server,af5284974a699d1acff775a2f8b1f6a3b474c71d,10/05/2024 
10:41:46
spring-projects,spring-projects/spring-graphql,f35495004caefe9c185dfbb43fdb04bbd028c530,10/05/2024 
10:41:46
spring-projects,spring-projects/spring-security-samples,ff551021baff1ea65975a2d9fa65bb60f54d813f,10/05/2024 
10:41:46
spring-projects,spring-projects/spring-cli,af664aeaa3d0deed19eecb0eeb6904c6b2a626e0,10/05/2024 
10:41:46
spring-projects,spring-projects/spring-pulsar,4939d0352981d3ba67fc26a342c3d1fb36dc35f2,10/05/2024 
10:41:46
spring-projects,spring-projects/spring-aot-smoke-tests,8a0aa601a24dc458e5e474d5abdcf79d69c9c0b0,10/05/2024 
10:41:46
spring-projects,spring-projects/spring-modulith,4be7626855491b816b6756f85b143f9f78af6c75,10/05/2024 
10:41:46
spring-projects,spring-projects/spring-ai,220ec7f63197ee08d4815c0acbf90c1272c01d1f,10/05/2024 
10:41:46
spring-projects,spring-projects/spring-rewrite-commons,1ff0cdf906ee8763eb48143e43835de1f54845e8,10/05/2024 
10:41:46
google-deepmind,google-deepmind/torch-cephes,f8a3a110c369bd1f65253b35436f3037458b4264,10/05/2024 
10:41:46
google-deepmind,google-deepmind/torch-randomkit,552152ed49915bbec46d01318a431a377e5a4791,10/05/2024 
10:41:46
google-deepmind,google-deepmind/torch-distributions,206abf78ac384ff1c8dea383aff5d236b219282f,10/05/2024 
10:41:46
google-deepmind,google-deepmind/torch-hdf5,b7bc57d5ca396dbd14af108d0c555209aeafb48f,10/05/2024 
10:41:46
google-deepmind,google-deepmind/lab,b1db91af5b4d2f3a24466f4632a3e5e1b0829cca,10/05/2024 
10:41:46
google-deepmind,google-deepmind/learning-to-learn,f3c1a8d176b8ea7cc60478bfcfdd10a7a52fd296,10/05/2024 
10:41:46
google-deepmind,google-deepmind/dnc,f5981c66ac6fe27978014c314c4aba39f1962ee3,10/05/2024 
10:41:46
google-deepmind,google-deepmind/sonnet,6d5972518ab0996d15f9d18bb42f2d7169aba950,10/05/2024 
10:41:46
google-deepmind,google-deepmind/pysc2,0df53d38c153972f1e368572ba65b1442a0fd41f,10/05/2024 
10:41:46
google-deepmind,google-deepmind/kinetics-i3d,0667e889a5904b4dc122e0ded4c332f49f8df42c,10/05/2024 
10:41:46
google-deepmind,google-deepmind/pycolab,6504c8065dd5322438f23a2a9026649904f3322a,10/05/2024 
10:41:46
google-deepmind,google-deepmind/dm_control,19f7f689797031422f630165a9f8b97843a695b5,10/05/2024 
10:41:46
google-deepmind,google-deepmind/gqn-datasets,cf2ff94768988ef98c56949d1f29af0d6ca09b7c,10/05/2024 
10:41:46
google-deepmind,google-deepmind/loopix-messaging,f65740edfb190da8a10dcc3f27290b19cfca17c3,10/05/2024 
10:41:46
google-deepmind,google-deepmind/spiral,5ee538cedf1d9cc827ced93fe86a44f8b8742ac0,10/05/2024 
10:41:46
google-deepmind,google-deepmind/leaps-and-bounds,c5f07bf1a60112d973f52f4b16dc2bc6d9d55b16,10/05/2024 
10:41:46
google-deepmind,google-deepmind/scalable_agent,6c0c8a701990fab9053fb338ede9c915c18fa2b1,10/05/2024 
10:41:46
google-deepmind,google-deepmind/surface-distance,ee651c80e11ab5fcc3d1b0c1c6e7bbc6fb4c987c,10/05/2024 
10:41:46
google-deepmind,google-deepmind/trfl,ed6eff5b79ed56923bcb102e152c01ea52451d4c,10/05/2024 
10:41:46
google-deepmind,google-deepmind/graph_nets,adf25162ba21bb0ae176c35483a74fb0c9dff576,10/05/2024 
10:41:46
google-deepmind,google-deepmind/dynamic-kanerva-machines,49e7a0d98c45d103fd4a71a007550f2f17c12e88,10/05/2024 
10:41:46
google-deepmind,google-deepmind/interval-bound-propagation,217a14d12686e08ebb5cfea1f2748cce58a55913,10/05/2024 
10:41:46
google-deepmind,google-deepmind/streetlearn,ccf1d60b9c45154894d45a897748aee85d7eb69b,10/05/2024 
10:41:46
google-deepmind,google-deepmind/lamb,254a0b0e330c44e00cf535f98e9538d6e735750b,10/05/2024 
10:41:46
google-deepmind,google-deepmind/deepmind-research,f5de0ede8430809180254ee957abf36ed62579ef,10/05/2024 
10:41:46
google-deepmind,google-deepmind/grid-cells,d1a2304d9a54e5ead676af577a38d4d87aa73041,10/05/2024 
10:41:46
google-deepmind,google-deepmind/hanabi-learning-environment,54e79594f4b6fb40ebb3004289c6db0e34a8b5fb,10/05/2024 
10:41:46
google-deepmind,google-deepmind/leo,de9a0c2a77dd7a42c1986b1eef18d184a86e294a,10/05/2024 
10:41:46
google-deepmind,google-deepmind/mathematics_dataset,900a0813b1997f45a4d0a8e448a652f37e4b5685,10/05/2024 
10:41:46
google-deepmind,google-deepmind/Temporal-3D-Pose-Kinetics,a8369cd9d626fd661ff54eb34e733ea9956b9f86,10/05/2024 
10:41:46
google-deepmind,google-deepmind/wasserstein_fairness,eb4483a2e76f6a3c63bb9019ad1673a6764c80f5,10/05/2024 
10:41:46
google-deepmind,google-deepmind/dm_env,91b46797fea731f80eab8cd2c8352a0674141d89,10/05/2024 
10:41:46
google-deepmind,google-deepmind/open_spiel,1208f832568063c36d0e3076069e103d5b00cf5b,10/05/2024 
10:41:46
google-deepmind,google-deepmind/mc_gradients,b99c2a3059d0b81606125f2eff4c161c6806b963,10/05/2024 
10:41:46
google-deepmind,google-deepmind/bsuite,6d8f64997ca256473c3d10be021431facc5a14d7,10/05/2024 
10:41:46
google-deepmind,google-deepmind/spriteworld,ace9e186ee9a819e8f4de070bd11cf27e2265b63,10/05/2024 
10:41:46
google-deepmind,google-deepmind/multi_object_datasets,9c670cd630940b9f8f5b0e9728472201a50a3370,10/05/2024 
10:41:46
google-deepmind,google-deepmind/labmaze,6d7e8f058428025cd4253f1ef6a1ed6618d9b0ea,10/05/2024 
10:41:46
google-deepmind,google-deepmind/tree,bc22e0f0c71a244e634a73c89fee9d1bec85190f,10/05/2024 
10:41:46
google-deepmind,google-deepmind/deep-verify,ad74b938b28a6f2fde2273b07f5d305767e7833a,10/05/2024 
10:41:46
google-deepmind,google-deepmind/dm_env_rpc,1a6c662fdf4a27a65f043228476860f434849d36,10/05/2024 
10:41:46
google-deepmind,google-deepmind/dm_memorytasks,47d454618573965f01f313fd8ccdddf6c2ba0da7,10/05/2024 
10:41:46
google-deepmind,google-deepmind/dm-haiku,48dcadd19c2c1b466fee1f675f8cf27303764401,10/05/2024 
10:41:46
google-deepmind,google-deepmind/rlax,df8e6006365ed3cba366747a00f0d1fd25a406e7,10/05/2024 
10:41:46
google-deepmind,google-deepmind/dm_hard_eight,9e58b6f01d14d874bff16e8f9a2bb2b81c0f7b8d,10/05/2024 
10:41:46
google-deepmind,google-deepmind/reverb,6dfbd2b6a66822b031da19766ac38e7b3950d812,10/05/2024 
10:41:46
google-deepmind,google-deepmind/acme,8d4cc040db23f14da88124a34b35158084ab752a,10/05/2024 
10:41:46
google-deepmind,google-deepmind/optax,8a3ee74de2d58e027c5df91a4d797b3c64a012cd,10/05/2024 
10:41:46
google-deepmind,google-deepmind/chex,4d0bae48f39a98e75087fa6619a9a896ee7858c0,10/05/2024 
10:41:46
google-deepmind,google-deepmind/dqn_zoo,45061f4bbbcfa87d11bbba3cfc2305a650a41c26,10/05/2024 
10:41:46
google-deepmind,google-deepmind/ferminet,b02ea6990b040c2fa87b2e27a1b094254f7bd158,10/05/2024 
10:41:46
google-deepmind,google-deepmind/jax_verify,fe8ea3c8da81350ca92203a5089d37c2b93f8583,10/05/2024 
10:41:46
google-deepmind,google-deepmind/jaxline,a2308d62191dbe0768ef3676a45d307a3595be82,10/05/2024 
10:41:46
google-deepmind,google-deepmind/lab2d,09474439959534b1de3fce3d4a4ed35d565ea230,10/05/2024 
10:41:46
google-deepmind,google-deepmind/jraph,51f5990104f7374492f8f3ea1cbc47feb411c69c,10/05/2024 
10:41:46
google-deepmind,google-deepmind/tensor_annotations,249149169b5ed245be786b3333db3804efa4a85e,10/05/2024 
10:41:46
google-deepmind,google-deepmind/dm_fast_mapping,6045a1d450e8f93e60b427f7b0b5b0485ba7919d,10/05/2024 
10:41:46
google-deepmind,google-deepmind/dm_alchemy,68a26254b5c0f15e84fa0c15d66bf0c626ede8e0,10/05/2024 
10:41:46
google-deepmind,google-deepmind/fancyflags,d4506b077fb93e22ad3caf25ae33f1f7dc65d2d2,10/05/2024 
10:41:46
google-deepmind,google-deepmind/launchpad,3b28eaed02c4294197b9ca2b8988cf68d8b5d868,10/05/2024 
10:41:46
google-deepmind,google-deepmind/distrax,ee17707c419766252386da3337f24751a6d12905,10/05/2024 
10:41:46
rust-lang,rust-lang/rust,cf774742b6029e0c2e00654975c001d192063b5b,10/05/2024 
10:41:46
rust-lang,rust-lang/rust-enhanced,cf9ae05be9ee5be70cd2fd7a616c31a93f91183b,10/05/2024 
10:41:46
rust-lang,rust-lang/cargo,4de0094ac78743d2c8ff682489e35c8a7cafe8e4,10/05/2024 
10:41:46
rust-lang,rust-lang/rfcs,55a275cb04b338f31b3507132005903ac4e78791,10/05/2024 
10:41:46
rust-lang,rust-lang/rust-by-example,229ad13b64d919b12e548d560f06d88963b25cd3,10/05/2024 
10:41:46
rust-lang,rust-lang/crates.io,b6b72cdffbfcff4cbcc057248a9d23918815e2de,10/05/2024 
10:41:46
rust-lang,rust-lang/flate2-rs,1a0daec607455f30651674675abb01715586f4d1,10/05/2024 
10:41:46
rust-lang,rust-lang/git2-rs,c3454fe91b52147f1e9521f3658b6b2c432b64d7,10/05/2024 
10:41:46
rust-lang,rust-lang/glob,49ee1e92bd6e8c5854c0b339634f9b4b733aba4f,10/05/2024 
10:41:46
rust-lang,rust-lang/blog.rust-lang.org,b7d3860bff103d714a15eaa45dd30f723498f853,10/05/2024 
10:41:46
rust-lang,rust-lang/cc-rs,61b81c8b4c1a2d589dcf3982c992e98859bed131,10/05/2024 
10:41:46
rust-lang,rust-lang/libz-sys,0c3216c26b46fcf68cb9068acf24c6f69f9802ca,10/05/2024 
10:41:46
rust-lang,rust-lang/pkg-config-rs,246ece2c314552f891692fb66fce2027156b38be,10/05/2024 
10:41:46
rust-lang,rust-lang/cmake-rs,c4a60dd154dd90e469dffc41a1faa717704f90b3,10/05/2024 
10:41:46
rust-lang,rust-lang/crates.io-index,7d9f6ff518470888c5006c62b1e3f684e3047313,10/05/2024 
10:41:46
rust-lang,rust-lang/this-week-in-rust,ce6f272d4248a5d322822b2b9c53a6cf4f55a2fe,10/05/2024 
10:41:46
rust-lang,rust-lang/rust-clippy,68dbc84ec49ef9a2d3f34973ec7a6c5e8cfa26e7,10/05/2024 
10:41:46
rust-lang,rust-lang/rust-installer,31b4e313213dfaf62b2dd13a4da8176990929526,10/05/2024 
10:41:46
rust-lang,rust-lang/regex,ddeb85eaa3bdf79d6306cc92a9d8bd89d839b5cd,10/05/2024 
10:41:46
rust-lang,rust-lang/log,c879b011a8ac662545adf9484d9a668ebcf9b814,10/05/2024 
10:41:46
rust-lang,rust-lang/getopts,8e64f97f814bfdcf3ba7f8608553bc18bfd72be9,10/05/2024 
10:41:46
rust-lang,rust-lang/libc,8b9d1feea295e92012c44eb17adb4c1d40a61ba0,10/05/2024 
10:41:46
rust-lang,rust-lang/rust.vim,889b9a7515db477f4cb6808bef1769e53493c578,10/05/2024 
10:41:46
rust-lang,rust-lang/rust-mode,e54bbae8c4c2af580b5721ad5ac151f2ad19293e,10/05/2024 
10:41:46
rust-lang,rust-lang/rustc-perf,90415c82499847f2898128cb030035bc9cebde3d,10/05/2024 
10:41:46
rust-lang,rust-lang/rustfmt,d5f1200ed6a8e375f963e0c59a8bee45c0018c55,10/05/2024 
10:41:46
rust-lang,rust-lang/backtrace-rs,7d263344f6bdc729db89304ccbbda7352acee7af,10/05/2024 
10:41:46
rust-lang,rust-lang/mdBook,c671c2e90486b6ec72921a5043dac1c1c5565f76,10/05/2024 
10:41:46
rust-lang,rust-lang/cfg-if,85ccfff204a5434e81049ae41b873a5e8f8ed39b,10/05/2024 
10:41:46
rust-lang,rust-lang/stacker,91cf50a29dacbf58cc4e2b080ed4811ddccb5d05,10/05/2024 
10:41:46
rust-lang,rust-lang/chalk,ee7f29968e4ce457765e4afe3ec0dbc23c4a9c07,10/05/2024 
10:41:46
rust-lang,rust-lang/rustlings,71053101c32d0fd374f8e122880b3d682519bac6,10/05/2024 
10:41:46
rust-lang,rust-lang/rustup,66b7a442c074c5cd597ea1436e1bafb0807b46e0,10/05/2024 
10:41:46
rust-lang,rust-lang/glacier,5b53becdb47297966309fca6fb5864de7e93f7bb,10/05/2024 
10:41:46
rust-lang,rust-lang/miri,4ec99d73415853f99f8ad88c9bc53dfae6d11f2e,10/05/2024 
10:41:46
rust-lang,rust-lang/book,698a756e4645c712f918e9b95538085dc42a973b,10/05/2024 
10:41:46
rust-lang,rust-lang/rust-forge,6dd5294fff1e712ae51ae9cfe479fb82e7c6e675,10/05/2024 
10:41:46
rust-lang,rust-lang/docs.rs,cb1b1f39cfacbc5a1403db35105c0ee8052bbfb8,10/05/2024 
10:41:46
rust-lang,rust-lang/arewewebyet,209129c6279a21ea8de911917ec69b467d6d8e1e,10/05/2024 
10:41:46
rust-lang,rust-lang/futures-rs,c507ff833728e2979cf5519fc931ea97308ec876,10/05/2024 
10:41:46
rust-lang,rust-lang/rustc-demangle,f053741061bd1686873a467a7d9ef22d2f1fb876,10/05/2024 
10:41:46
rust-lang,rust-lang/rust-bindgen,770abd9699a520ebc27b3fe4dd010a577179b494,10/05/2024 
10:41:46
rust-lang,rust-lang/rust-playground,46b615964d239a858311ed6016f54f0b4062643e,10/05/2024 
10:41:46
rust-lang,rust-lang/rustfix,c433369f4aa3fe67b1399e2f6e3c4aeefc3144b7,10/05/2024 
10:41:46
rust-lang,rust-lang/compiler-builtins,9f9afc206ae2cf0ec1efb8d5a4185b8d45473624,10/05/2024 
10:41:46
rust-lang,rust-lang/rls,04afefab3f993d6c59ecaaf9f3fcf7a5b8f6d2bc,10/05/2024 
10:41:46
rust-lang,rust-lang/vscode-rust,0c49e2bd1ba95ebdbfdf911e8ca609c2be096027,10/05/2024 
10:41:46
rust-lang,rust-lang/crater,f2a10b4a604952d9434cecdbd42f46efd6b24757,10/05/2024 
10:41:46
rust-lang,rust-lang/stdarch,8ce6875b73082fd44d24cf33378aac4108cda323,10/05/2024 
10:41:46
rust-lang,rust-lang/rust-central-station,a2cba67189ffce196991d26f43ab5d9349796869,10/05/2024 
10:41:46
rust-lang,rust-lang/api-guidelines,385ba009b19672a373cc65c98368527d2de82482,10/05/2024 
10:41:46
rust-lang,rust-lang/reference,e356977fceaa8591c762312d8d446769166d4b3e,10/05/2024 
10:41:46
rust-lang,rust-lang/nomicon,0d5f88475fe285affa6dbbc806e9e44d730797c0,10/05/2024 
10:41:46
rust-lang,rust-lang/socket2,c8146aa5bb839004208bfd89267ec61a7774386e,10/05/2024 
10:41:46
rust-lang,rust-lang/rust-semverver,821e059e8263e8bc76daea1a4be697954f7c2299,10/05/2024 
10:41:46
rust-lang,rust-lang/jobserver-rs,c0c2898efbdc616c00f86ecfa68831e74488bba3,10/05/2024 
10:41:46
rust-lang,rust-lang/atom-ide-rust,a775737279dcf0911f23f0e436f4081ec3f4e32f,10/05/2024 
10:41:46
rust-lang,rust-lang/simpleinfra,54bd88a2e0dfd474ef7a0f349565b555469491a9,10/05/2024 
10:41:46
rust-lang,rust-lang/docker-rust,b9827520c6b3706a5a53200bc5436eead1f46019,10/05/2024 
10:41:46
rust-lang,rust-lang/ferris-says,df293b9974d4d05c3c2a01cd3f6f85e61e3d5bcc,10/05/2024 
10:41:46
rust-lang,rust-lang/docker-rust-nightly,6596415639b773643f2ef40fa87658ebd3323878,10/05/2024 
10:41:46
rust-lang,rust-lang/rust-analyzer,5bf2f85c8054d80424899fa581db1b192230efb5,10/05/2024 
10:41:46
rust-lang,rust-lang/rustc-dev-guide,4b692c012c1a1717d87a9f9dbd6e2d5a40414567,10/05/2024 
10:41:46
rust-lang,rust-lang/www.rust-lang.org,c1b5b69bc038519f7b42bb7967a11ec83394dab1,10/05/2024 
10:41:46
rust-lang,rust-lang/rustc-pr-tracking,4de8368c910334b5ad7fc3e3ce500b4c641c7737,10/05/2024 
10:41:46
rust-lang,rust-lang/infra-team,0a6a2ddf88c01ba5c3b87807aa8466acbee24217,10/05/2024 
10:41:46
rust-lang,rust-lang/edition-guide,0c68e90acaae5a611f8f5098a3c2980de9845ab2,10/05/2024 
10:41:46
rust-lang,rust-lang/annotate-snippets-rs,a6f3a123f8b57be381b3f03520bd6ebf86da351e,10/05/2024 
10:41:46
rust-lang,rust-lang/cargo-bisect-rustc,0859f47828fa5efc04f9a64e445b09583815bc32,10/05/2024 
10:41:46
rust-lang,rust-lang/homu,f652a9e7ecc42a1a590f48e96d9d34df4596aedb,10/05/2024 
10:41:46
rust-lang,rust-lang/rust-log-analyzer,104ccd0e653c12342608bc41c520a37352b680fd,10/05/2024 
10:41:46
rust-lang,rust-lang/polonius,0a754a9e1916c0e7d9ba23668ea33249c7a7b59e,10/05/2024 
10:41:46
rust-lang,rust-lang/datafrog,07bf407c740db506a56bcb4af3eb474eb83ca815,10/05/2024 
10:41:46
rust-lang,rust-lang/rustc-hash,e155548d4bc95fb98e214506d79a87a7bacdb025,10/05/2024 
10:41:46
rust-lang,rust-lang/rustc_codegen_cranelift,4d6ac059e547b3ff95e4c18ff933207aec8900b5,10/05/2024 
10:41:46
scroll-tech,scroll-tech/zkevm-circuits,69b9a3ecf3b81adaef18e2dc68c95242e2617d50,10/05/2024 
10:41:46
scroll-tech,scroll-tech/zkevm-specs,54022c5c37af508dec4174d13e62b44d5986b39e,10/05/2024 
10:41:46
scroll-tech,scroll-tech/halo2,1070391642dd64b2d68b47ec246cba9e35bd3c15,10/05/2024 
10:41:46
scroll-tech,scroll-tech/go-ethereum,5d0d197ce4cf2a48525e7dfc2585a5ddf9f7f09f,10/05/2024 
10:41:46
scroll-tech,scroll-tech/go-merkletree,8b63ca866189b9fdafd5f9de8af256861ee30a0e,10/05/2024 
10:41:46
scroll-tech,scroll-tech/mpt-circuit,daa3a06e2e96d00337188280ac43fa879e722804,10/05/2024 
10:41:46
scroll-tech,scroll-tech/scroll-prover,25c0c19e69f7b9279d218aa8d674468cca315c8b,10/05/2024 
10:41:46
scroll-tech,scroll-tech/rollup-explorer-backend,73353cbe027510d58038be5fca732971faa0ebe3,10/05/2024 
10:41:46
scroll-tech,scroll-tech/halo2wrong,61cd99d24bcd6a87e9b21313125aa58e6151472c,10/05/2024 
10:41:46
scroll-tech,scroll-tech/scroll,612e66ebc201cb504ee0f518ed91405d88eec944,10/05/2024 
10:41:46
scroll-tech,scroll-tech/frontends,57745d2369a53e0c91d01ee3c1e03051fc62413e,10/05/2024 
10:41:46
scroll-tech,scroll-tech/halo2curves,3c268b46c218fdcf27d57428a27029f0f6a40a9e,10/05/2024 
10:41:46
scroll-tech,scroll-tech/web3go,76c8252d6b1561389eb2ec1f0098348eb9e05e14,10/05/2024 
10:41:46
scroll-tech,scroll-tech/blockscout,a4c731f95475adccf67f1d6ec5b1c0e1aa91bfec,10/05/2024 
10:41:46
scroll-tech,scroll-tech/token-list,878d4f66ec82f97ca923e61a6ac5d5ada4ef65cd,10/05/2024 
10:41:46
scroll-tech,scroll-tech/snark-verifier,a76997374b976a445f742b70d33c47b2c0b7c8cd,10/05/2024 
10:41:46
scroll-tech,scroll-tech/uniswap-v3-interface,1d45d609e3c2f2cea6baea1e0db90577ff0818f2,10/05/2024 
10:41:46
scroll-tech,scroll-tech/scroll-documentation,1a345171a983b9c11f65a6aca68234d1adb5ea68,10/05/2024 
10:41:46
scroll-tech,scroll-tech/nft-token-list,ee854d67e2b89e4e7d11cf0b9fa12b89ad6f42b9,10/05/2024 
10:41:46
scroll-tech,scroll-tech/contribute-to-scroll,90980bd3baaac3dc5a64442a8085819e8fc88ed2,10/05/2024 
10:41:46
scroll-tech,scroll-tech/ethers-rs,90b87bd85be98caa8bb592b67f3f9acbc8a409cf,10/05/2024 
10:41:46
scroll-tech,scroll-tech/chain-monitor,110af8ded624b5774173a576befa06061c2ebe9f,10/05/2024 
10:41:46
scroll-tech,scroll-tech/revm,13e471eeed703e7c4e58c6b0443104711b2b5a40,10/05/2024 
10:41:46
scroll-tech,scroll-tech/mass-testing,a88d14da8da5fe0e008c169d8465d837d85d29b3,10/05/2024 
10:41:46
scroll-tech,scroll-tech/Casper,ef091a953cc420b14c1f281b7656a302e2654446,10/05/2024 
10:41:46
scroll-tech,scroll-tech/zstd,595fc47797e96db8801f8ff05190efbe4b57adf3,10/05/2024 
10:41:46
scroll-tech,scroll-tech/canvas-contracts,61f5724a77cb6ff081988ed0ec9928411147caae,10/05/2024 
10:41:46
scroll-tech,scroll-tech/da-codec,6e111a44bbb17a2d69bb31850d895ad3a3bbd317,10/05/2024 
10:41:46
flipperdevices,flipperdevices/flipperzero-firmware,7414e6d4dff582efb6ad716e8268cad03be65c87,10/05/2024 
10:41:46
flipperdevices,flipperdevices/Flipper-Android-App,1fc0d5a4731c867d594b58549ac378b043a79def,10/05/2024 
10:41:46
flipperdevices,flipperdevices/Casper-flipper-blog-theme,357f917e463869b2c7b6805256721992fd0db4a5,10/05/2024 
10:41:46
flipperdevices,flipperdevices/docker-rsync-server,ddc2bc05cd3b058aa33053e35f46e31c5445a2d8,10/05/2024 
10:41:46
flipperdevices,flipperdevices/docs,498bcb8e49a1ef07fc72683d935ede147dbb96b8,10/05/2024 
10:41:46
flipperdevices,flipperdevices/qFlipper,51196a2a6f4271cae410b7b4d7f06f92232d8ba1,10/05/2024 
10:41:46
flipperdevices,flipperdevices/webdfu,addea45e7c35ab2d186bab94b6e2b593911a2f15,10/05/2024 
10:41:46
flipperdevices,flipperdevices/update.flipperzero.one,67dc5f1ced96950d4a4853b03f56a183eeb4713a,10/05/2024 
10:41:46
flipperdevices,flipperdevices/flipper-update-server,fcef2250e15ae97ea70cce3e2444a13f7aebf7a8,10/05/2024 
10:41:46
flipperdevices,flipperdevices/flipperzero-protobuf,1956b83bba99313ee8d8386e5d35d0549341ca26,10/05/2024 
10:41:46
flipperdevices,flipperdevices/thumbnail-autogen,f44e949499bf0b98b41f36b47e2f365f9e9ee1ae,10/05/2024 
10:41:46
flipperdevices,flipperdevices/libusb_stm32,b9d70a000bfb6a47bee5b325b7d5b28342a7ee7d,10/05/2024 
10:41:46
flipperdevices,flipperdevices/blackmagic-esp32-s2,9447ee92605c7373d93fe710f6f7e5cc37a7862d,10/05/2024 
10:41:46
flipperdevices,flipperdevices/blackmagic,5cf0dd27759d2ae4cff30b5bc8d12b2e4ab10fe9,10/05/2024 
10:41:46
flipperdevices,flipperdevices/flpr.app,98d85dfb1f7a8bb8bbb8af64c96fec99d5b3fef3,10/05/2024 
10:41:46
flipperdevices,flipperdevices/lab.flipper.net,d4c6a7842fc874da636b3cc73c7f9920798ee4a1,10/05/2024 
10:41:46
flipperdevices,flipperdevices/flipperzero-toolchain,c2a9a71a66daca758a15b2591aef0f9ba304adcf,10/05/2024 
10:41:46
flipperdevices,flipperdevices/go-metric,38b898d6a05cbbebb8f09a9ce1a8159fc8206635,10/05/2024 
10:41:46
flipperdevices,flipperdevices/welcomer-bot,aa853c9e78d7a1701962f3f7d95075f553af6b96,10/05/2024 
10:41:46
flipperdevices,flipperdevices/json_exporter,a13e7c7e221e3ed9bbacfdafa42f6f1c40e2179d,10/05/2024 
10:41:46
flipperdevices,flipperdevices/firmware-report-client,463b854f25afbfb1366ec4e48644550aad1b285f,10/05/2024 
10:41:46
flipperdevices,flipperdevices/flipper-application-catalog,b1e3e7195942e1a287b1b8825a59d516f309b00b,10/05/2024 
10:41:46
flipperdevices,flipperdevices/firmware-report-server,a1f3767ce329921ee7a000d85e147d18550d002c,10/05/2024 
10:41:46
flipperdevices,flipperdevices/flipperzero-ufbt,9a45f3cc774d629c4dba63db8de12a2014b94b90,10/05/2024 
10:41:46
flipperdevices,flipperdevices/flipper-update-indexer,6f6f5158e697e20515d96c49c454e84522b5724d,10/05/2024 
10:41:46
flipperdevices,flipperdevices/flipper-documentation-indexer,049c5527933e3550d682e49965de774d0e94daed,10/05/2024 
10:41:46
flipperdevices,flipperdevices/flipper-tilda-webserver,a83816f4588d9c303bdd49a44d81742d1a4fec43,10/05/2024 
10:41:46
flipperdevices,flipperdevices/flipperzero-ufbt-action,6237e4616a47217903940b09c883dd67cb615cf8,10/05/2024 
10:41:46
flipperdevices,flipperdevices/flipper-k8s-db-backuper,f4b6aa8f5a8cd6e243c2ecf3d1de011b6153846b,10/05/2024 
10:41:46
flipperdevices,flipperdevices/nginx-headers-more,beedafd118aa2bc4dd576bedea0acf2a75f2ce65,10/05/2024 
10:41:46
flipperdevices,flipperdevices/flipperzero-good-faps,c339ab11038b856100ebdceb20ff79683de4588a,10/05/2024 
10:41:46
flipperdevices,flipperdevices/flipper-k8s-nagios-monitoring,8137b23ccdabfb2b5a569329ca9022e6fbdf3a85,10/05/2024 
10:41:46
flipperdevices,flipperdevices/flipper-github-runner-docker-qa,10ba2134a26abb918fbf6bf8beabd5ae725d7e95,10/05/2024 
10:41:46
flipperdevices,flipperdevices/video-game-module,b57986deb02a933e83986be9fa9c680c32287b77,10/05/2024 
10:41:46
Azure,Azure/azure-sdk-for-net,87239dd37dbd8288b1b8a402d0eee9533eaf8fd2,10/05/2024 
10:41:46
Azure,Azure/azure-sdk-for-java,2fae4034192603aaa9d76f4d0067f95aea08e9cb,10/05/2024 
10:41:46
Azure,Azure/azure-sdk-for-node,b2ebf75680f83032d147ea7bc4aaa6c6b07432f6,10/05/2024 
10:41:46
Azure,Azure/azure-sdk-for-python,78b00c5d2f1e305f1da43b12ad76ef2e78b2e76c,10/05/2024 
10:41:46
Azure,Azure/WALinuxAgent,6e854144f872af229a33d4de887d763f147b2cef,10/05/2024 
10:41:46
Azure,Azure/azure.github.io,dc0007f04866148865a61dfd8f5c7defceb37181,10/05/2024 
10:41:46
Azure,Azure/azure-linux-extensions,c4690635727c61b8a5d3398828588d244100a88c,10/05/2024 
10:41:46
Azure,Azure/azure-sdk-for-go,8f1e30a23f4bdb2e03c53b00a3c94f69ed400eec,10/05/2024 
10:41:46
Azure,Azure/azure-powershell,eff8df276f5b830cd3df937b30f278ccf2627a70,10/05/2024 
10:41:46
Azure,Azure/Azure-DataFactory,8f2f950045fe55e8bc4d7a5e7cdb72d2606b454b,10/05/2024 
10:41:46
Azure,Azure/hpcpack-linux-agent,f50e9116cbaafa6b6630f3689e637343e21f6e47,10/05/2024 
10:41:46
Azure,Azure/autorest,1f91e166f3fd83b8b0ecd24fa00b0703c064cdc8,10/05/2024 
10:41:46
Azure,Azure/azure-quickstart-templates,7ce55721789e3421df1ec66aa6d7ff1ef52b606e,10/05/2024 
10:41:46
Azure,Azure/azure-resource-manager-schemas,8f2a9b7a187b7d6d60f5792e31e30efe6712b4b3,10/05/2024 
10:41:46
Azure,Azure/go-ansiterm,306776ec8161b5dc8676039adbf598a39bce3de0,10/05/2024 
10:41:46
Azure,Azure/azure-rest-api-specs,5e311855eb8349a40396dd1128a03f3718fdce5e,10/05/2024 
10:41:46
GoogleCloudPlatform,GoogleCloudPlatform/appengine-guestbook-python,e27d6281436cac327704803435d07d13f19e369f,10/05/2024 
10:41:46
GoogleCloudPlatform,GoogleCloudPlatform/php-docs-samples,1625b80f5edf5d29658b94bae0ad75ad0e821709,10/05/2024 
10:41:46
GoogleCloudPlatform,GoogleCloudPlatform/gsutil,63ae7eeb2cac04cfc5f989b1a6f86172e561c2c7,10/05/2024 
10:41:46
GoogleCloudPlatform,GoogleCloudPlatform/appengine-scipy-zombie-apocalypse-python,4bb47ffee6ea2ad325ccc9ea6da5f835938d730f,10/05/2024 
10:41:46
GoogleCloudPlatform,GoogleCloudPlatform/compute-image-packages,cf4b33214f770da2299923a5fa73d3d95f66ec35,10/05/2024 
10:41:46
GoogleCloudPlatform,GoogleCloudPlatform/appengine-bottle-skeleton,d6e683ec9073241449e61f9491135c3aa496d22d,10/05/2024 
10:41:46
GoogleCloudPlatform,GoogleCloudPlatform/cloud-sdk-docker,d28a4224f6f0e7535e3d49aeb75c9345e8d66ea6,10/05/2024 
10:41:46
GoogleCloudPlatform,GoogleCloudPlatform/gcs-oauth2-boto-plugin,7dfa0149811e5617fe1428f692a18ab8b8c31ddb,10/05/2024 
10:41:46
GoogleCloudPlatform,GoogleCloudPlatform/monitoring-javascript-dashboard,eba82166c40154a3a232c541e7ce4ea6a81edf43,10/05/2024 
10:41:46
GoogleCloudPlatform,GoogleCloudPlatform/nodejs-docker,98098b39f7f4f0a2d0039fb872cafe033b3ed906,10/05/2024 
10:41:46
GoogleCloudPlatform,GoogleCloudPlatform/fluent-plugin-google-cloud,53d481a6f417e9d039cae717eab4773ab754738e,10/05/2024 
10:41:46
GoogleCloudPlatform,GoogleCloudPlatform/golang-docker,db0af3e5c3a89df7c881d2034dd9516b7f149c01,10/05/2024 
10:41:46
GoogleCloudPlatform,GoogleCloudPlatform/python-runtime,d4b451a05cf6b910ae53d50bca6fdd6a746d8106,10/05/2024 
10:41:46
GoogleCloudPlatform,GoogleCloudPlatform/ruby-docker,d2dca08aa04430c3e00c1fe1a99e855ccffdd8a1,10/05/2024 
10:41:46
GoogleCloudPlatform,GoogleCloudPlatform/PerfKitBenchmarker,0a49bc063247f7e548ba364689ebec7aa2088ca4,10/05/2024 
10:41:46
GoogleCloudPlatform,GoogleCloudPlatform/protoc-gen-bq-schema,78b6998919e338fec9f4a251bc334d69e030e118,10/05/2024 
10:41:46
GoogleCloudPlatform,GoogleCloudPlatform/google-cloud-node-todos,84d42ef8a4e76697cce916ab6196121960a3c9e7,10/05/2024 
10:41:46
open-mmlab,open-mmlab/mmcv,7f9cf4e0dad0bfa773b4877245e2d54ff896d1b3,10/05/2024 
10:41:46
open-mmlab,open-mmlab/mmdetection,cfd5d3a985b0249de009b67d04f37263e11cdf3d,10/05/2024 
10:41:46
open-mmlab,open-mmlab/mmagic,0a560bba9b79ebe78574e1d4cbbdd0e798e63568,10/05/2024 
10:41:46
open-mmlab,open-mmlab/OpenPCDet,8cacccec11db6f59bf6934600c9a175dae254806,10/05/2024 
10:41:46
open-mmlab,open-mmlab/mmselfsup,db861f30487c9a0b0cb3e35e176d6058887660bc,10/05/2024 
10:41:46
open-mmlab,open-mmlab/mmsegmentation,b040e147adfa027bbc071b624bedf0ae84dfc922,10/05/2024 
10:41:46
open-mmlab,open-mmlab/mmdetection3d,fe25f7a51d36e3702f961e198894580d83c4387b,10/05/2024 
10:41:46
open-mmlab,open-mmlab/mmpose,5a3be9451bdfdad2053a90dc1199e3ff1ea1a409,10/05/2024 
10:41:46
open-mmlab,open-mmlab/mmpretrain,17a886cb5825cd8c26df4e65f7112d404b99fe12,10/05/2024 
10:41:46
open-mmlab,open-mmlab/mmaction2,4d6c93474730cad2f25e51109adcf96824efc7a3,10/05/2024 
10:41:46
open-mmlab,open-mmlab/mmtracking,e79491ec8f0b8c86fda947fbaaa824c66ab2a991,10/05/2024 
10:41:46
open-mmlab,open-mmlab/mmocr,2caab0a4e7dff2929ee6113927098384af6072bf,10/05/2024 
10:41:46
open-mmlab,open-mmlab/mmgeneration,ccd1f56c107886bb411e0fdf3a92aa6f1cf7024e,10/05/2024 
10:41:46
open-mmlab,open-mmlab/mim,b39fbd97303574a77f6acaed923fad41c781691c,10/05/2024 
10:41:46
open-mmlab,open-mmlab/mmflow,9fb1d2f1bb3de641ddcba0dd355064b6ed9419f4,10/05/2024 
10:41:46
open-mmlab,open-mmlab/mmfewshot,af4fad50b0e00946467244dc8bce4d232d2b79c2,10/05/2024 
10:41:46
open-mmlab,open-mmlab/mmhuman3d,9431addec32f7fbeffa1786927a854c0ab79d9ea,10/05/2024 
10:41:46
open-mmlab,open-mmlab/labelbee,818a4efc45d3a3f081cccfac9fe570ee2235faf8,10/05/2024 
10:41:46
open-mmlab,open-mmlab/pre-commit-hooks,a6b12ce1472d34b72a8b269f6aed7744c7d30375,10/05/2024 
10:41:46
open-mmlab,open-mmlab/mmrazor,90c7af1fdf35a606a2fceaaeb4b6be2f0dac4eb7,10/05/2024 
10:41:46
open-mmlab,open-mmlab/mmdeploy,bc75c9d6c8940aa03d0e1e5b5962bd930478ba77,10/05/2024 
10:41:46
open-mmlab,open-mmlab/mmengine,66fb81f7b392b2cd304fc1979d8af3cc71a011f5,10/05/2024 
10:41:46
open-mmlab,open-mmlab/mmrotate,9ea1aeeef2da8b2cd5161b72f4e33e1e8293dcb2,10/05/2024 
10:41:46
open-mmlab,open-mmlab/OpenMMLabCourse,01927d6c8f0f64b3173c8879e49e4967313e6d55,10/05/2024 
10:41:46
open-mmlab,open-mmlab/mdformat-openmmlab,b2ab01ae93ba2da477db9fedb88bdf7f0d618206,10/05/2024 
10:41:46
open-mmlab,open-mmlab/ecosystem,b203dfee8cd7afd7e779b575b42928dadc51bd25,10/05/2024 
10:41:46
open-mmlab,open-mmlab/mmeval,5b4ef8d0b564073848dea18513cea4bf1f25c65e,10/05/2024 
10:41:46
open-mmlab,open-mmlab/mmyolo,8c4d9dc503dc8e327bec8147e8dc97124052f693,10/05/2024 
10:41:46
open-mmlab,open-mmlab/Amphion,d33551476d792e608c13cec1bfa32283c868a2fb,10/05/2024 
10:41:46
